search_date,outbound_flight_date,outbound_airline,outbound_departure_hour,outboud_arrival_hour,outbound_departure_airport,outbound_arrival_airport,outbound_flight_duration,outbound_flight_stops,inbound_flight_date,inbound_airline,inbound_departure_hour,inboud_arrival_hour,inbound_departure_airport,inbound_arrival_airport,inbound_flight_duration,intbound_flight_stops,price
2024-05-29,2024-06-29,easyJet,10:00,12:25,LGW,OPO,2h 25m,direct,2024-07-03,easyJet,07:00,09:20,OPO,LGW,2h 20m,direct,£198
2024-05-29,2024-06-29,Wizz Air Malta,21:10,08:40+1,LGW,OPO,11h 30m,1 stop,2024-07-03,,06:45,17:20,OPO,LGW,10h 35m,1 stop,£139
2024-05-29,2024-06-29,easyJet,05:20,07:40,LGW,OPO,2h 20m,direct,2024-07-03,easyJet,07:00,09:20,OPO,LGW,2h 20m,direct,£167
2024-05-29,2024-06-29,TAP AIR PORTUGAL,21:05,23:30,LGW,OPO,2h 25m,direct,2024-07-03,TAP AIR PORTUGAL,08:55,11:10,OPO,LGW,2h 15m,direct,£192
2024-05-29,2024-06-29,easyJet,10:00,12:25,LGW,OPO,2h 25m,direct,2024-07-03,easyJet,19:20,21:40,OPO,LGW,2h 20m,direct,£253
2024-05-29,2024-06-29,easyJet,05:20,07:40,LGW,OPO,2h 20m,direct,2024-07-03,easyJet,19:20,21:40,OPO,LGW,2h 20m,direct,£222
2024-05-29,2024-06-29,easyJet,10:00,12:25,LGW,OPO,2h 25m,direct,2024-07-03,TAP AIR PORTUGAL,08:55,11:10,OPO,LGW,2h 15m,direct,£277
2024-05-29,2024-06-29,British Airways,07:10,09:35,LGW,OPO,2h 25m,direct,2024-07-03,British Airways,20:05,22:30,OPO,LGW,2h 25m,direct,£319
2024-05-29,2024-06-29,TAP AIR PORTUGAL,21:05,23:30,LGW,OPO,2h 25m,direct,2024-07-03,TAP AIR PORTUGAL,18:05,20:20,OPO,LGW,2h 15m,direct,£264
2024-05-29,2024-06-29,easyJet,05:20,07:40,LGW,OPO,2h 20m,direct,2024-07-03,TAP AIR PORTUGAL,08:55,11:10,OPO,LGW,2h 15m,direct,£247
2024-05-29,2024-06-29,easyJet,10:00,12:25,LGW,OPO,2h 25m,direct,2024-07-03,TAP AIR PORTUGAL,18:05,20:20,OPO,LGW,2h 15m,direct,£316
2024-05-29,2024-06-29,easyJet,05:20,07:40,LGW,OPO,2h 20m,direct,2024-07-03,TAP AIR PORTUGAL,18:05,20:20,OPO,LGW,2h 15m,direct,£285
2024-05-29,2024-06-29,CitizenPlane,21:05,23:30,LGW,OPO,2h 25m,direct,2024-07-03,TAP AIR PORTUGAL,18:05,20:20,OPO,LGW,2h 15m,direct,£330
2024-05-29,2024-06-29,TAP AIR PORTUGAL,12:00,14:25,LGW,OPO,2h 25m,direct,2024-07-03,TAP AIR PORTUGAL,08:55,11:10,OPO,LGW,2h 15m,direct,£386
2024-05-29,2024-06-29,TAP AIR PORTUGAL,21:05,23:30,LGW,OPO,2h 25m,direct,2024-07-03,easyJet,07:00,09:20,OPO,LGW,2h 20m,direct,£176
2024-05-29,2024-06-29,,18:35,23:45,LGW,OPO,5h 10m,1 stop,2024-07-03,easyJet,07:00,09:20,OPO,LGW,2h 20m,direct,£153
2024-05-29,2024-06-29,easyJet,05:20,07:40,LGW,OPO,2h 20m,direct,2024-07-04,easyJet,06:40,09:00,OPO,LGW,2h 20m,direct,£187
2024-05-29,2024-06-29,easyJet,10:00,12:25,LGW,OPO,2h 25m,direct,2024-07-04,easyJet,06:40,09:00,OPO,LGW,2h 20m,direct,£191
2024-05-29,2024-06-29,Wizz Air Malta,21:10,08:40+1,LGW,OPO,11h 30m,1 stop,2024-07-04,,06:00,11:30,OPO,LGW,5h 30m,1 stop,£139
2024-05-29,2024-06-29,easyJet,05:20,07:40,LGW,OPO,2h 20m,direct,2024-07-04,easyJet,06:40,09:00,OPO,LGW,2h 20m,direct,£160
2024-05-29,2024-06-29,TAP AIR PORTUGAL,21:05,23:30,LGW,OPO,2h 25m,direct,2024-07-04,British Airways,10:15,12:35,OPO,LGW,2h 20m,direct,£241
2024-05-29,2024-06-29,TAP AIR PORTUGAL,21:05,23:30,LGW,OPO,2h 25m,direct,2024-07-04,TAP AIR PORTUGAL,18:05,20:20,OPO,LGW,2h 15m,direct,£244
2024-05-29,2024-06-29,TAP AIR PORTUGAL,21:05,23:30,LGW,OPO,2h 25m,direct,2024-07-04,TAP AIR PORTUGAL,08:55,11:10,OPO,LGW,2h 15m,direct,£244
2024-05-29,2024-06-29,easyJet,10:00,12:25,LGW,OPO,2h 25m,direct,2024-07-04,TAP AIR PORTUGAL,18:05,20:20,OPO,LGW,2h 15m,direct,£295
2024-05-29,2024-06-29,easyJet,10:00,12:25,LGW,OPO,2h 25m,direct,2024-07-04,TAP AIR PORTUGAL,08:55,11:10,OPO,LGW,2h 15m,direct,£295
2024-05-29,2024-06-29,British Airways,07:10,09:35,LGW,OPO,2h 25m,direct,2024-07-04,British Airways,10:15,12:35,OPO,LGW,2h 20m,direct,£338
2024-05-29,2024-06-29,easyJet,05:20,07:40,LGW,OPO,2h 20m,direct,2024-07-04,TAP AIR PORTUGAL,18:05,20:20,OPO,LGW,2h 15m,direct,£263
2024-05-29,2024-06-29,easyJet,05:20,07:40,LGW,OPO,2h 20m,direct,2024-07-04,TAP AIR PORTUGAL,08:55,11:10,OPO,LGW,2h 15m,direct,£263
2024-05-29,2024-06-29,CitizenPlane,21:05,23:30,LGW,OPO,2h 25m,direct,2024-07-04,TAP AIR PORTUGAL,18:05,20:20,OPO,LGW,2h 15m,direct,£307
2024-05-29,2024-06-29,TAP AIR PORTUGAL,21:05,23:30,LGW,OPO,2h 25m,direct,2024-07-04,easyJet,06:40,09:00,OPO,LGW,2h 20m,direct,£168
2024-05-29,2024-06-29,,18:35,23:45,LGW,OPO,5h 10m,1 stop,2024-07-04,easyJet,06:40,09:00,OPO,LGW,2h 20m,direct,£146
2024-05-29,2024-06-29,TAP AIR PORTUGAL,12:00,14:25,LGW,OPO,2h 25m,direct,2024-07-04,easyJet,06:40,09:00,OPO,LGW,2h 20m,direct,£391
2024-05-29,2024-06-29,easyJet,06:45,11:55,LGW,OPO,5h 10m,1 stop,2024-07-04,easyJet,06:40,09:00,OPO,LGW,2h 20m,direct,£177
2024-05-29,2024-06-29,TAP AIR PORTUGAL,21:05,23:30,LGW,OPO,2h 25m,direct,2024-07-05,TAP AIR PORTUGAL,08:55,11:10,OPO,LGW,2h 15m,direct,£197
2024-05-29,2024-06-29,easyJet,10:00,12:25,LGW,OPO,2h 25m,direct,2024-07-05,easyJet,06:40,09:00,OPO,LGW,2h 20m,direct,£193
2024-05-29,2024-06-29,,21:05,07:15+1,LGW,OPO,10h 10m,1 stop,2024-07-05,easyJet,06:40,09:00,OPO,LGW,2h 20m,direct,£146
2024-05-29,2024-06-29,easyJet,05:20,07:40,LGW,OPO,2h 20m,direct,2024-07-05,easyJet,06:40,09:00,OPO,LGW,2h 20m,direct,£162
2024-05-29,2024-06-29,easyJet,10:00,12:25,LGW,OPO,2h 25m,direct,2024-07-05,easyJet,19:45,22:00,OPO,LGW,2h 15m,direct,£232
2024-05-29,2024-06-29,TAP AIR PORTUGAL,21:05,23:30,LGW,OPO,2h 25m,direct,2024-07-05,TAP AIR PORTUGAL,08:55,11:10,OPO,LGW,2h 15m,direct,£191
2024-05-29,2024-06-29,easyJet,05:20,07:40,LGW,OPO,2h 20m,direct,2024-07-05,easyJet,19:45,22:00,OPO,LGW,2h 15m,direct,£201
2024-05-29,2024-06-29,easyJet,10:00,12:25,LGW,OPO,2h 25m,direct,2024-07-05,TAP AIR PORTUGAL,08:55,11:10,OPO,LGW,2h 15m,direct,£247
2024-05-29,2024-06-29,TAP AIR PORTUGAL,21:05,23:30,LGW,OPO,2h 25m,direct,2024-07-05,TAP AIR PORTUGAL,17:55,20:10,OPO,LGW,2h 15m,direct,£247
2024-05-29,2024-06-29,CitizenPlane,21:05,23:30,LGW,OPO,2h 25m,direct,2024-07-05,TAP AIR PORTUGAL,08:55,11:10,OPO,LGW,2h 15m,direct,£259
2024-05-29,2024-06-29,British Airways,07:10,09:35,LGW,OPO,2h 25m,direct,2024-07-05,British Airways,11:10,13:30,OPO,LGW,2h 20m,direct,£326
2024-05-29,2024-06-29,easyJet,10:00,12:25,LGW,OPO,2h 25m,direct,2024-07-05,TAP AIR PORTUGAL,17:55,20:10,OPO,LGW,2h 15m,direct,£295
2024-05-29,2024-06-29,easyJet,05:20,07:40,LGW,OPO,2h 20m,direct,2024-07-05,TAP AIR PORTUGAL,17:55,20:10,OPO,LGW,2h 15m,direct,£263
2024-05-29,2024-06-29,CitizenPlane,21:05,23:30,LGW,OPO,2h 25m,direct,2024-07-05,TAP AIR PORTUGAL,17:55,20:10,OPO,LGW,2h 15m,direct,£309
2024-05-29,2024-06-29,TAP AIR PORTUGAL,12:00,14:25,LGW,OPO,2h 25m,direct,2024-07-05,TAP AIR PORTUGAL,08:55,11:10,OPO,LGW,2h 15m,direct,£385
2024-05-29,2024-06-29,TAP AIR PORTUGAL,21:05,23:30,LGW,OPO,2h 25m,direct,2024-07-05,easyJet,06:40,09:00,OPO,LGW,2h 20m,direct,£171
2024-05-29,2024-06-29,,18:35,23:45,LGW,OPO,5h 10m,1 stop,2024-07-05,easyJet,06:40,09:00,OPO,LGW,2h 20m,direct,£148
2024-05-29,2024-06-29,TAP AIR PORTUGAL,21:05,23:30,LGW,OPO,2h 25m,direct,2024-07-06,TAP AIR PORTUGAL,08:55,11:10,OPO,LGW,2h 15m,direct,£245
2024-05-29,2024-06-29,easyJet,10:00,12:25,LGW,OPO,2h 25m,direct,2024-07-06,easyJet,07:00,09:20,OPO,LGW,2h 20m,direct,£204
2024-05-29,2024-06-29,,21:05,07:15+1,LGW,OPO,10h 10m,1 stop,2024-07-06,easyJet,07:00,09:20,OPO,LGW,2h 20m,direct,£157
2024-05-29,2024-06-29,easyJet,10:00,12:25,LGW,OPO,2h 25m,direct,2024-07-06,easyJet,08:30,10:50,OPO,LGW,2h 20m,direct,£215
2024-05-29,2024-06-29,easyJet,05:20,07:40,LGW,OPO,2h 20m,direct,2024-07-06,easyJet,07:00,09:20,OPO,LGW,2h 20m,direct,£173
2024-05-29,2024-06-29,easyJet,05:20,07:40,LGW,OPO,2h 20m,direct,2024-07-06,easyJet,08:30,10:50,OPO,LGW,2h 20m,direct,£184
2024-05-29,2024-06-29,TAP AIR PORTUGAL,21:05,23:30,LGW,OPO,2h 25m,direct,2024-07-06,TAP AIR PORTUGAL,08:55,11:10,OPO,LGW,2h 15m,direct,£205
2024-05-29,2024-06-29,easyJet,10:00,12:25,LGW,OPO,2h 25m,direct,2024-07-06,TAP AIR PORTUGAL,08:55,11:10,OPO,LGW,2h 15m,direct,£276
2024-05-29,2024-06-29,TAP AIR PORTUGAL,21:05,23:30,LGW,OPO,2h 25m,direct,2024-07-06,TAP AIR PORTUGAL,18:05,20:20,OPO,LGW,2h 15m,direct,£261
2024-05-29,2024-06-29,CitizenPlane,21:05,23:30,LGW,OPO,2h 25m,direct,2024-07-06,TAP AIR PORTUGAL,08:55,11:10,OPO,LGW,2h 15m,direct,£289
2024-05-29,2024-06-29,British Airways,07:10,09:35,LGW,OPO,2h 25m,direct,2024-07-06,easyJet,08:30,10:50,OPO,LGW,2h 20m,direct,£312
2024-05-29,2024-06-29,easyJet,10:00,12:25,LGW,OPO,2h 25m,direct,2024-07-06,TAP AIR PORTUGAL,18:05,20:20,OPO,LGW,2h 15m,direct,£315
2024-05-29,2024-06-29,easyJet,05:20,07:40,LGW,OPO,2h 20m,direct,2024-07-06,TAP AIR PORTUGAL,18:05,20:20,OPO,LGW,2h 15m,direct,£284
2024-05-29,2024-06-29,CitizenPlane,21:05,23:30,LGW,OPO,2h 25m,direct,2024-07-06,TAP AIR PORTUGAL,18:05,20:20,OPO,LGW,2h 15m,direct,£328
2024-05-29,2024-06-29,TAP AIR PORTUGAL,21:05,23:30,LGW,OPO,2h 25m,direct,2024-07-06,easyJet,07:00,09:20,OPO,LGW,2h 20m,direct,£182
2024-05-29,2024-06-29,TAP AIR PORTUGAL,12:00,14:25,LGW,OPO,2h 25m,direct,2024-07-06,TAP AIR PORTUGAL,08:55,11:10,OPO,LGW,2h 15m,direct,£399
2024-05-29,2024-06-29,TAP AIR PORTUGAL,21:05,23:30,LGW,OPO,2h 25m,direct,2024-07-06,easyJet,08:30,10:50,OPO,LGW,2h 20m,direct,£193
2024-05-29,2024-06-29,TAP AIR PORTUGAL,21:05,23:30,LGW,OPO,2h 25m,direct,2024-07-08,TAP AIR PORTUGAL,08:55,11:10,OPO,LGW,2h 15m,direct,£255
2024-05-29,2024-06-29,easyJet,10:00,12:25,LGW,OPO,2h 25m,direct,2024-07-08,easyJet,06:40,09:00,OPO,LGW,2h 20m,direct,£266
2024-05-29,2024-06-29,Wizz Air Malta,21:10,08:40+1,LGW,OPO,11h 30m,1 stop,2024-07-08,,20:25,08:45+1,OPO,LGW,12h 20m,1 stop,£151
2024-05-29,2024-06-29,easyJet,10:00,12:25,LGW,OPO,2h 25m,direct,2024-07-08,easyJet,09:05,11:25,OPO,LGW,2h 20m,direct,£278
2024-05-29,2024-06-29,TAP AIR PORTUGAL,21:05,23:30,LGW,OPO,2h 25m,direct,2024-07-08,TAP AIR PORTUGAL,08:55,11:10,OPO,LGW,2h 15m,direct,£244
2024-05-29,2024-06-29,easyJet,05:20,07:40,LGW,OPO,2h 20m,direct,2024-07-08,easyJet,06:40,09:00,OPO,LGW,2h 20m,direct,£235
2024-05-29,2024-06-29,easyJet,05:20,07:40,LGW,OPO,2h 20m,direct,2024-07-08,easyJet,09:05,11:25,OPO,LGW,2h 20m,direct,£247
2024-05-29,2024-06-29,TAP AIR PORTUGAL,21:05,23:30,LGW,OPO,2h 25m,direct,2024-07-08,TAP AIR PORTUGAL,18:05,20:20,OPO,LGW,2h 15m,direct,£261
2024-05-29,2024-06-29,easyJet,10:00,12:25,LGW,OPO,2h 25m,direct,2024-07-08,TAP AIR PORTUGAL,08:55,11:10,OPO,LGW,2h 15m,direct,£294
2024-05-29,2024-06-29,TAP AIR PORTUGAL,21:05,23:30,LGW,OPO,2h 25m,direct,2024-07-08,easyJet,06:40,09:00,OPO,LGW,2h 20m,direct,£249
2024-05-29,2024-06-29,easyJet,10:00,12:25,LGW,OPO,2h 25m,direct,2024-07-08,TAP AIR PORTUGAL,18:05,20:20,OPO,LGW,2h 15m,direct,£316
2024-05-29,2024-06-29,TAP AIR PORTUGAL,21:05,23:30,LGW,OPO,2h 25m,direct,2024-07-08,easyJet,09:05,11:25,OPO,LGW,2h 20m,direct,£261
2024-05-29,2024-06-29,easyJet,05:20,07:40,LGW,OPO,2h 20m,direct,2024-07-08,TAP AIR PORTUGAL,08:55,11:10,OPO,LGW,2h 15m,direct,£263
2024-05-29,2024-06-29,CitizenPlane,21:05,23:30,LGW,OPO,2h 25m,direct,2024-07-08,TAP AIR PORTUGAL,08:55,11:10,OPO,LGW,2h 15m,direct,£307
2024-05-29,2024-06-29,easyJet,05:20,07:40,LGW,OPO,2h 20m,direct,2024-07-08,TAP AIR PORTUGAL,18:05,20:20,OPO,LGW,2h 15m,direct,£284
2024-05-29,2024-06-29,CitizenPlane,21:05,23:30,LGW,OPO,2h 25m,direct,2024-07-08,TAP AIR PORTUGAL,18:05,20:20,OPO,LGW,2h 15m,direct,£328
2024-05-29,2024-06-29,British Airways,07:10,09:35,LGW,OPO,2h 25m,direct,2024-07-08,TAP AIR PORTUGAL,18:05,20:20,OPO,LGW,2h 15m,direct,£413
2024-05-29,2024-06-29,easyJet,10:00,12:25,LGW,OPO,2h 25m,direct,2024-07-09,easyJet,06:40,09:05,OPO,LGW,2h 25m,direct,£217
2024-05-29,2024-06-29,easyJet,05:20,07:40,LGW,OPO,2h 20m,direct,2024-07-09,easyJet,06:40,09:05,OPO,LGW,2h 25m,direct,£186
2024-05-29,2024-06-29,Vueling,15:00,21:15,LGW,OPO,6h 15m,1 stop,2024-07-09,Vueling,21:55,08:55+1,OPO,LGW,11h 00m,1 stop,£637
2024-05-29,2024-06-29,Vueling,21:05,08:00+1,LGW,OPO,10h 55m,1 stop,2024-07-09,Vueling,21:55,08:55+1,OPO,LGW,11h 00m,1 stop,£610
2024-05-29,2024-06-29,Vueling,20:15,13:15+1,LGW,OPO,17h 00m,1 stop,2024-07-09,Vueling,20:20,07:50+1,OPO,LGW,11h 30m,1 stop,£323
2024-05-29,2024-06-29,Vueling,20:15,13:15+1,LGW,OPO,17h 00m,1 stop,2024-07-09,Vueling,15:30,07:05+1,OPO,LGW,15h 35m,1 stop,£209
2024-05-29,2024-06-29,Vueling,20:15,13:15+1,LGW,OPO,17h 00m,1 stop,2024-07-09,Vueling,20:20,14:45+1,OPO,LGW,18h 25m,1 stop,£364
2024-05-29,2024-06-29,easyJet,10:00,12:25,LGW,OPO,2h 25m,direct,2024-07-10,easyJet,07:00,09:20,OPO,LGW,2h 20m,direct,£196
2024-05-29,2024-06-29,easyJet,10:00,12:25,LGW,OPO,2h 25m,direct,2024-07-10,easyJet,19:20,21:40,OPO,LGW,2h 20m,direct,£230
2024-05-29,2024-06-29,easyJet,05:20,07:40,LGW,OPO,2h 20m,direct,2024-07-10,easyJet,07:00,09:20,OPO,LGW,2h 20m,direct,£165
2024-05-29,2024-06-29,easyJet,05:20,07:40,LGW,OPO,2h 20m,direct,2024-07-10,easyJet,19:20,21:40,OPO,LGW,2h 20m,direct,£199
2024-05-29,2024-06-29,Vueling,21:05,08:00+1,LGW,OPO,10h 55m,1 stop,2024-07-10,Vueling,21:55,08:30+1,OPO,LGW,10h 35m,1 stop,£656
2024-05-29,2024-06-29,Vueling,21:05,08:00+1,LGW,OPO,10h 55m,1 stop,2024-07-10,Vueling,21:55,08:55+1,OPO,LGW,11h 00m,1 stop,£646
2024-05-29,2024-06-30,easyJet,12:45,15:15,LGW,OPO,2h 30m,direct,2024-07-04,easyJet,06:40,09:00,OPO,LGW,2h 20m,direct,£189
2024-05-29,2024-06-30,easyJet,09:35,12:00,LGW,OPO,2h 25m,direct,2024-07-04,easyJet,06:40,09:00,OPO,LGW,2h 20m,direct,£222
2024-05-29,2024-06-30,Vueling,08:40,19:30,LGW,OPO,10h 50m,1 stop,2024-07-04,Vueling,20:40,08:25+1,OPO,LGW,11h 45m,1 stop,£186
2024-05-29,2024-06-30,Vueling,08:40,19:30,LGW,OPO,10h 50m,1 stop,2024-07-04,Vueling,20:40,14:45+1,OPO,LGW,18h 05m,1 stop,£222
2024-05-29,2024-06-30,Vueling,19:45,13:15+1,LGW,OPO,17h 30m,1 stop,2024-07-04,Vueling,20:40,08:25+1,OPO,LGW,11h 45m,1 stop,£357
2024-05-29,2024-06-30,Vueling,19:45,13:15+1,LGW,OPO,17h 30m,1 stop,2024-07-04,Vueling,20:40,14:45+1,OPO,LGW,18h 05m,1 stop,£394
2024-05-29,2024-06-30,easyJet,12:45,15:15,LGW,OPO,2h 30m,direct,2024-07-05,easyJet,06:40,09:00,OPO,LGW,2h 20m,direct,£191
2024-05-29,2024-06-30,easyJet,09:35,12:00,LGW,OPO,2h 25m,direct,2024-07-05,easyJet,06:40,09:00,OPO,LGW,2h 20m,direct,£224
2024-05-29,2024-06-30,easyJet,12:45,15:15,LGW,OPO,2h 30m,direct,2024-07-05,easyJet,19:45,22:00,OPO,LGW,2h 15m,direct,£230
2024-05-29,2024-06-30,easyJet,09:35,12:00,LGW,OPO,2h 25m,direct,2024-07-05,easyJet,19:45,22:00,OPO,LGW,2h 15m,direct,£263
2024-05-29,2024-06-30,easyJet,12:45,15:15,LGW,OPO,2h 30m,direct,2024-07-06,easyJet,07:00,09:20,OPO,LGW,2h 20m,direct,£202
2024-05-29,2024-06-30,easyJet,12:45,15:15,LGW,OPO,2h 30m,direct,2024-07-06,easyJet,08:30,10:50,OPO,LGW,2h 20m,direct,£213
2024-05-29,2024-06-30,easyJet,09:35,12:00,LGW,OPO,2h 25m,direct,2024-07-06,easyJet,07:00,09:20,OPO,LGW,2h 20m,direct,£235
2024-05-29,2024-06-30,easyJet,09:35,12:00,LGW,OPO,2h 25m,direct,2024-07-06,easyJet,08:30,10:50,OPO,LGW,2h 20m,direct,£246
2024-05-29,2024-06-30,Vueling,08:40,19:30,LGW,OPO,10h 50m,1 stop,2024-07-06,Vueling,13:50,19:30,OPO,LGW,5h 40m,1 stop,£194
2024-05-29,2024-06-30,Vueling,19:45,13:15+1,LGW,OPO,17h 30m,1 stop,2024-07-06,Vueling,13:50,19:30,OPO,LGW,5h 40m,1 stop,£365
2024-05-29,2024-06-30,easyJet,12:45,15:15,LGW,OPO,2h 30m,direct,2024-07-07,easyJet,06:40,09:00,OPO,LGW,2h 20m,direct,£203
2024-05-29,2024-06-30,easyJet,09:35,12:00,LGW,OPO,2h 25m,direct,2024-07-07,easyJet,06:40,09:00,OPO,LGW,2h 20m,direct,£236
2024-05-29,2024-06-30,easyJet,12:45,15:15,LGW,OPO,2h 30m,direct,2024-07-07,easyJet,15:50,18:10,OPO,LGW,2h 20m,direct,£355
2024-05-29,2024-06-30,easyJet,09:35,12:00,LGW,OPO,2h 25m,direct,2024-07-07,easyJet,15:50,18:10,OPO,LGW,2h 20m,direct,£388
2024-05-29,2024-06-30,easyJet,12:45,15:15,LGW,OPO,2h 30m,direct,2024-07-08,easyJet,06:40,09:00,OPO,LGW,2h 20m,direct,£264
2024-05-29,2024-06-30,easyJet,12:45,15:15,LGW,OPO,2h 30m,direct,2024-07-08,easyJet,09:05,11:25,OPO,LGW,2h 20m,direct,£276
2024-05-29,2024-06-30,easyJet,09:35,12:00,LGW,OPO,2h 25m,direct,2024-07-08,easyJet,06:40,09:00,OPO,LGW,2h 20m,direct,£297
2024-05-29,2024-06-30,easyJet,09:35,12:00,LGW,OPO,2h 25m,direct,2024-07-08,easyJet,09:05,11:25,OPO,LGW,2h 20m,direct,£309
2024-05-29,2024-06-30,British Airways,17:20,19:45,LGW,OPO,2h 25m,direct,2024-07-08,British Airways,11:50,14:10,OPO,LGW,2h 20m,direct,£676
2024-05-29,2024-06-30,Vueling,06:50,16:10,LGW,OPO,9h 20m,1 stop,2024-07-08,Vueling,21:55,08:30+1,OPO,LGW,10h 35m,1 stop,£634
2024-05-29,2024-06-30,Vueling,06:50,16:10,LGW,OPO,9h 20m,1 stop,2024-07-08,Vueling,21:55,08:55+1,OPO,LGW,11h 00m,1 stop,£634
2024-05-29,2024-06-30,Vueling,21:45,08:00+1,LGW,OPO,10h 15m,1 stop,2024-07-08,Vueling,21:55,08:30+1,OPO,LGW,10h 35m,1 stop,£650
2024-05-29,2024-06-30,Vueling,21:45,08:00+1,LGW,OPO,10h 15m,1 stop,2024-07-08,Vueling,21:55,08:55+1,OPO,LGW,11h 00m,1 stop,£650
2024-05-29,2024-06-30,easyJet,12:45,15:15,LGW,OPO,2h 30m,direct,2024-07-09,easyJet,06:40,09:05,OPO,LGW,2h 25m,direct,£215
2024-05-29,2024-06-30,Vueling,08:40,19:30,LGW,OPO,10h 50m,1 stop,2024-07-09,Vueling,15:30,07:05+1,OPO,LGW,15h 35m,1 stop,£161
2024-05-29,2024-06-30,easyJet,09:35,12:00,LGW,OPO,2h 25m,direct,2024-07-09,easyJet,06:40,09:05,OPO,LGW,2h 25m,direct,£248
2024-05-29,2024-06-30,British Airways,17:20,19:45,LGW,OPO,2h 25m,direct,2024-07-09,British Airways,12:25,20:00,OPO,LGW,7h 35m,1 stop,£630
2024-05-29,2024-06-30,TAP AIR PORTUGAL,10:35,17:05,LGW,OPO,6h 30m,1 stop,2024-07-09,TAP AIR PORTUGAL,10:00,15:35,OPO,LGW,5h 35m,1 stop,£614
2024-05-29,2024-06-30,TAP AIR PORTUGAL,10:35,17:05,LGW,OPO,6h 30m,1 stop,2024-07-09,TAP AIR PORTUGAL,08:55,15:35,OPO,LGW,6h 40m,1 stop,£614
2024-05-29,2024-06-30,TAP AIR PORTUGAL,10:35,17:05,LGW,OPO,6h 30m,1 stop,2024-07-09,TAP AIR PORTUGAL,07:00,15:35,OPO,LGW,8h 35m,1 stop,£614
2024-05-29,2024-06-30,Vueling,10:55,16:10,LGW,OPO,5h 15m,1 stop,2024-07-09,Vueling,21:55,08:55+1,OPO,LGW,11h 00m,1 stop,£614
2024-05-29,2024-06-30,Vueling,08:40,19:30,LGW,OPO,10h 50m,1 stop,2024-07-09,Vueling,20:20,07:50+1,OPO,LGW,11h 30m,1 stop,£274
2024-05-29,2024-06-30,Vueling,09:40,16:10,LGW,OPO,6h 30m,1 stop,2024-07-09,Vueling,21:55,08:55+1,OPO,LGW,11h 00m,1 stop,£623
2024-05-29,2024-06-30,Vueling,09:10,16:10,LGW,OPO,7h 00m,1 stop,2024-07-09,Vueling,21:55,08:55+1,OPO,LGW,11h 00m,1 stop,£623
2024-05-29,2024-06-30,Lufthansa,17:45,11:20+1,LGW,OPO,17h 35m,1 stop,2024-07-09,SWISS,12:15,17:50,OPO,LGW,5h 35m,1 stop,£615
2024-05-29,2024-06-30,Vueling,21:05,08:00+1,LGW,OPO,10h 55m,1 stop,2024-07-09,Vueling,21:55,08:55+1,OPO,LGW,11h 00m,1 stop,£610
2024-05-29,2024-06-30,Vueling,08:40,19:30,LGW,OPO,10h 50m,1 stop,2024-07-09,Vueling,20:20,14:45+1,OPO,LGW,18h 25m,1 stop,£315
2024-05-29,2024-06-30,Lufthansa,17:45,11:20+1,LGW,OPO,17h 35m,1 stop,2024-07-09,SWISS,08:40,17:50,OPO,LGW,9h 10m,1 stop,£615
2024-05-29,2024-06-30,easyJet,12:45,15:15,LGW,OPO,2h 30m,direct,2024-07-10,easyJet,07:00,09:20,OPO,LGW,2h 20m,direct,£194
2024-05-29,2024-06-30,easyJet,09:35,12:00,LGW,OPO,2h 25m,direct,2024-07-10,easyJet,07:00,09:20,OPO,LGW,2h 20m,direct,£227
2024-05-29,2024-06-30,easyJet,12:45,15:15,LGW,OPO,2h 30m,direct,2024-07-10,easyJet,19:20,21:40,OPO,LGW,2h 20m,direct,£228
2024-05-29,2024-06-30,easyJet,09:35,12:00,LGW,OPO,2h 25m,direct,2024-07-10,easyJet,19:20,21:40,OPO,LGW,2h 20m,direct,£261
2024-05-29,2024-06-30,easyJet,12:45,15:15,LGW,OPO,2h 30m,direct,2024-07-11,easyJet,06:40,09:00,OPO,LGW,2h 20m,direct,£187
2024-05-29,2024-06-30,easyJet,09:35,12:00,LGW,OPO,2h 25m,direct,2024-07-11,easyJet,06:40,09:00,OPO,LGW,2h 20m,direct,£220
2024-05-29,2024-07-01,easyJet,06:10,08:35,LGW,OPO,2h 25m,direct,2024-07-05,easyJet,06:40,09:00,OPO,LGW,2h 20m,direct,£146
2024-05-29,2024-07-01,easyJet,06:10,08:35,LGW,OPO,2h 25m,direct,2024-07-05,easyJet,19:45,22:00,OPO,LGW,2h 15m,direct,£185
2024-05-29,2024-07-01,easyJet,09:45,12:10,LGW,OPO,2h 25m,direct,2024-07-05,easyJet,06:40,09:00,OPO,LGW,2h 20m,direct,£210
2024-05-29,2024-07-01,easyJet,09:45,12:10,LGW,OPO,2h 25m,direct,2024-07-05,easyJet,19:45,22:00,OPO,LGW,2h 15m,direct,£249
2024-05-29,2024-07-01,easyJet,06:10,08:35,LGW,OPO,2h 25m,direct,2024-07-06,easyJet,07:00,09:20,OPO,LGW,2h 20m,direct,£157
2024-05-29,2024-07-01,easyJet,06:10,08:35,LGW,OPO,2h 25m,direct,2024-07-06,easyJet,08:30,10:50,OPO,LGW,2h 20m,direct,£168
2024-05-29,2024-07-01,easyJet,09:45,12:10,LGW,OPO,2h 25m,direct,2024-07-06,easyJet,07:00,09:20,OPO,LGW,2h 20m,direct,£221
2024-05-29,2024-07-01,easyJet,09:45,12:10,LGW,OPO,2h 25m,direct,2024-07-06,easyJet,08:30,10:50,OPO,LGW,2h 20m,direct,£232
2024-05-29,2024-07-01,Vueling,19:20,14:45+1,LGW,OPO,19h 25m,1 stop,2024-07-06,Vueling,13:50,19:30,OPO,LGW,5h 40m,1 stop,£224
2024-05-29,2024-07-01,easyJet,06:10,08:35,LGW,OPO,2h 25m,direct,2024-07-07,easyJet,06:40,09:00,OPO,LGW,2h 20m,direct,£158
2024-05-29,2024-07-01,easyJet,09:45,12:10,LGW,OPO,2h 25m,direct,2024-07-07,easyJet,06:40,09:00,OPO,LGW,2h 20m,direct,£222
2024-05-29,2024-07-01,easyJet,06:10,08:35,LGW,OPO,2h 25m,direct,2024-07-07,easyJet,15:50,18:10,OPO,LGW,2h 20m,direct,£310
2024-05-29,2024-07-01,easyJet,09:45,12:10,LGW,OPO,2h 25m,direct,2024-07-07,easyJet,15:50,18:10,OPO,LGW,2h 20m,direct,£374
2024-05-29,2024-07-01,Norwegian,11:30,18:30,LGW,OPO,7h 00m,1 stop,2024-07-07,Norwegian,10:05,19:55,OPO,LGW,9h 50m,1 stop,£847
2024-05-29,2024-07-01,Norwegian,20:45,09:40+1,LGW,OPO,12h 55m,1 stop,2024-07-07,Norwegian,10:05,19:55,OPO,LGW,9h 50m,1 stop,£503
2024-05-29,2024-07-01,Norwegian,09:20,18:30,LGW,OPO,9h 10m,1 stop,2024-07-07,Norwegian,10:05,19:55,OPO,LGW,9h 50m,1 stop,£847
2024-05-29,2024-07-01,easyJet,06:10,08:35,LGW,OPO,2h 25m,direct,2024-07-08,easyJet,06:40,09:00,OPO,LGW,2h 20m,direct,£219
2024-05-29,2024-07-01,easyJet,06:10,08:35,LGW,OPO,2h 25m,direct,2024-07-08,easyJet,09:05,11:25,OPO,LGW,2h 20m,direct,£231
2024-05-29,2024-07-01,easyJet,09:45,12:10,LGW,OPO,2h 25m,direct,2024-07-08,easyJet,06:40,09:00,OPO,LGW,2h 20m,direct,£283
2024-05-29,2024-07-01,easyJet,09:45,12:10,LGW,OPO,2h 25m,direct,2024-07-08,easyJet,09:05,11:25,OPO,LGW,2h 20m,direct,£295
2024-05-29,2024-07-01,Norwegian,11:30,18:30,LGW,OPO,7h 00m,1 stop,2024-07-08,Norwegian,19:10,08:40+1,OPO,LGW,13h 30m,1 stop,£756
2024-05-29,2024-07-01,Norwegian,09:20,18:30,LGW,OPO,9h 10m,1 stop,2024-07-08,Norwegian,19:10,08:40+1,OPO,LGW,13h 30m,1 stop,£756
2024-05-29,2024-07-01,Norwegian,20:45,09:40+1,LGW,OPO,12h 55m,1 stop,2024-07-08,Norwegian,19:10,08:40+1,OPO,LGW,13h 30m,1 stop,£412
2024-05-29,2024-07-01,easyJet,06:10,08:35,LGW,OPO,2h 25m,direct,2024-07-09,easyJet,06:40,09:05,OPO,LGW,2h 25m,direct,£170
2024-05-29,2024-07-01,easyJet,09:45,12:10,LGW,OPO,2h 25m,direct,2024-07-09,easyJet,06:40,09:05,OPO,LGW,2h 25m,direct,£234
2024-05-29,2024-07-01,Norwegian,11:30,18:30,LGW,OPO,7h 00m,1 stop,2024-07-09,Norwegian,10:20,18:20,OPO,LGW,8h 00m,1 stop,£745
2024-05-29,2024-07-01,Norwegian,11:30,18:30,LGW,OPO,7h 00m,1 stop,2024-07-09,Norwegian,10:20,19:55,OPO,LGW,9h 35m,1 stop,£745
2024-05-29,2024-07-01,Norwegian,09:20,18:30,LGW,OPO,9h 10m,1 stop,2024-07-09,Norwegian,10:20,18:20,OPO,LGW,8h 00m,1 stop,£745
2024-05-29,2024-07-01,Norwegian,20:45,09:40+1,LGW,OPO,12h 55m,1 stop,2024-07-09,Norwegian,10:20,18:20,OPO,LGW,8h 00m,1 stop,£402
2024-05-29,2024-07-01,Norwegian,09:20,18:30,LGW,OPO,9h 10m,1 stop,2024-07-09,Norwegian,10:20,19:55,OPO,LGW,9h 35m,1 stop,£745
2024-05-29,2024-07-01,Norwegian,20:45,09:40+1,LGW,OPO,12h 55m,1 stop,2024-07-09,Norwegian,10:20,19:55,OPO,LGW,9h 35m,1 stop,£402
2024-05-29,2024-07-07,easyJet,12:45,15:15,LGW,OPO,2h 30m,direct,2024-07-16,easyJet,06:40,09:05,OPO,LGW,2h 25m,direct,£184
2024-05-29,2024-07-07,easyJet,09:35,12:00,LGW,OPO,2h 25m,direct,2024-07-16,easyJet,06:40,09:05,OPO,LGW,2h 25m,direct,£189
2024-05-29,2024-07-07,Vueling,08:40,19:30,LGW,OPO,10h 50m,1 stop,2024-07-16,Vueling,20:20,07:50+1,OPO,LGW,11h 30m,1 stop,£393
2024-05-29,2024-07-07,Vueling,08:40,19:30,LGW,OPO,10h 50m,1 stop,2024-07-16,Vueling,15:30,07:05+1,OPO,LGW,15h 35m,1 stop,£375
2024-05-29,2024-07-07,Vueling,19:45,13:15+1,LGW,OPO,17h 30m,1 stop,2024-07-16,Vueling,20:20,07:50+1,OPO,LGW,11h 30m,1 stop,£282
2024-05-29,2024-07-07,Vueling,08:40,19:30,LGW,OPO,10h 50m,1 stop,2024-07-16,Vueling,20:20,14:45+1,OPO,LGW,18h 25m,1 stop,£402
2024-05-29,2024-07-07,Vueling,19:45,13:15+1,LGW,OPO,17h 30m,1 stop,2024-07-16,Vueling,15:30,07:05+1,OPO,LGW,15h 35m,1 stop,£265
2024-05-29,2024-07-07,Vueling,19:45,13:15+1,LGW,OPO,17h 30m,1 stop,2024-07-16,Vueling,20:20,14:45+1,OPO,LGW,18h 25m,1 stop,£292
2024-05-29,2024-06-29,easyJet,10:00,12:25,LGW,OPO,2h 25m,direct,2024-07-03,easyJet,07:00,09:20,OPO,LGW,2h 20m,direct,£198
2024-05-29,2024-06-29,easyJet,05:20,07:40,LGW,OPO,2h 20m,direct,2024-07-03,easyJet,07:00,09:20,OPO,LGW,2h 20m,direct,£167
2024-05-29,2024-06-29,easyJet,10:00,12:25,LGW,OPO,2h 25m,direct,2024-07-03,easyJet,19:20,21:40,OPO,LGW,2h 20m,direct,£253
2024-05-29,2024-06-29,easyJet,05:20,07:40,LGW,OPO,2h 20m,direct,2024-07-03,easyJet,19:20,21:40,OPO,LGW,2h 20m,direct,£222
2024-05-29,2024-06-29,easyJet,10:00,12:25,LGW,OPO,2h 25m,direct,2024-07-04,easyJet,06:40,09:00,OPO,LGW,2h 20m,direct,£191
2024-05-29,2024-06-29,easyJet,05:20,07:40,LGW,OPO,2h 20m,direct,2024-07-04,easyJet,06:40,09:00,OPO,LGW,2h 20m,direct,£160
2024-05-29,2024-06-29,Vueling,21:05,08:00+1,LGW,OPO,10h 55m,1 stop,2024-07-04,Vueling,21:55,08:30+1,OPO,LGW,10h 35m,1 stop,£697
2024-05-29,2024-06-29,Vueling,21:05,08:00+1,LGW,OPO,10h 55m,1 stop,2024-07-04,Vueling,21:55,08:55+1,OPO,LGW,11h 00m,1 stop,£678
2024-05-29,2024-06-29,Vueling,20:15,13:15+1,LGW,OPO,17h 00m,1 stop,2024-07-04,Vueling,20:40,08:25+1,OPO,LGW,11h 45m,1 stop,£223
2024-05-29,2024-06-29,Vueling,20:15,13:15+1,LGW,OPO,17h 00m,1 stop,2024-07-04,Vueling,20:40,14:45+1,OPO,LGW,18h 05m,1 stop,£260
2024-05-29,2024-06-29,easyJet,10:00,12:25,LGW,OPO,2h 25m,direct,2024-07-05,easyJet,06:40,09:00,OPO,LGW,2h 20m,direct,£193
2024-05-29,2024-06-29,easyJet,05:20,07:40,LGW,OPO,2h 20m,direct,2024-07-05,easyJet,06:40,09:00,OPO,LGW,2h 20m,direct,£162
2024-05-29,2024-06-29,easyJet,10:00,12:25,LGW,OPO,2h 25m,direct,2024-07-05,easyJet,19:45,22:00,OPO,LGW,2h 15m,direct,£232
2024-05-29,2024-06-29,easyJet,05:20,07:40,LGW,OPO,2h 20m,direct,2024-07-05,easyJet,19:45,22:00,OPO,LGW,2h 15m,direct,£201
2024-05-29,2024-06-29,easyJet,10:00,12:25,LGW,OPO,2h 25m,direct,2024-07-06,easyJet,07:00,09:20,OPO,LGW,2h 20m,direct,£204
2024-05-29,2024-06-29,easyJet,10:00,12:25,LGW,OPO,2h 25m,direct,2024-07-06,easyJet,08:30,10:50,OPO,LGW,2h 20m,direct,£215
2024-05-29,2024-06-29,easyJet,05:20,07:40,LGW,OPO,2h 20m,direct,2024-07-06,easyJet,07:00,09:20,OPO,LGW,2h 20m,direct,£173
2024-05-29,2024-06-29,easyJet,05:20,07:40,LGW,OPO,2h 20m,direct,2024-07-06,easyJet,08:30,10:50,OPO,LGW,2h 20m,direct,£184
2024-05-29,2024-06-29,Vueling,09:20,08:00+1,LGW,OPO,22h 40m,2 stops,2024-07-06,Vueling,08:10,18:55,OPO,LGW,10h 45m,2 stops,£560
2024-05-29,2024-06-29,Vueling,08:30,08:00+1,LGW,OPO,23h 30m,2 stops,2024-07-06,Vueling,08:10,18:55,OPO,LGW,10h 45m,2 stops,£508
2024-05-29,2024-06-29,easyJet,10:00,12:25,LGW,OPO,2h 25m,direct,2024-07-07,easyJet,06:40,09:00,OPO,LGW,2h 20m,direct,£205
2024-05-29,2024-06-29,easyJet,05:20,07:40,LGW,OPO,2h 20m,direct,2024-07-07,easyJet,06:40,09:00,OPO,LGW,2h 20m,direct,£174
2024-05-29,2024-06-29,easyJet,10:00,12:25,LGW,OPO,2h 25m,direct,2024-07-07,easyJet,15:50,18:10,OPO,LGW,2h 20m,direct,£357
2024-05-29,2024-06-29,easyJet,05:20,07:40,LGW,OPO,2h 20m,direct,2024-07-07,easyJet,15:50,18:10,OPO,LGW,2h 20m,direct,£326
2024-05-29,2024-06-29,British Airways,07:10,09:35,LGW,OPO,2h 25m,direct,2024-07-07,British Airways,20:35,22:50,OPO,LGW,2h 15m,direct,£609
2024-05-29,2024-06-29,Air Europa,10:00,15:15,LGW,OPO,5h 15m,1 stop,2024-07-07,Air Europa,11:35,16:25,OPO,LGW,4h 50m,1 stop,£388
2024-05-29,2024-06-29,Air Europa,10:00,19:20,LGW,OPO,9h 20m,1 stop,2024-07-07,Air Europa,11:35,16:25,OPO,LGW,4h 50m,1 stop,£354
2024-05-29,2024-06-29,Air Europa,10:00,15:15,LGW,OPO,5h 15m,1 stop,2024-07-07,Air Europa,07:35,16:25,OPO,LGW,8h 50m,1 stop,£388
2024-05-29,2024-06-29,Air Europa,10:00,19:20,LGW,OPO,9h 20m,1 stop,2024-07-07,Air Europa,07:35,16:25,OPO,LGW,8h 50m,1 stop,£354
2024-05-29,2024-06-29,Vueling,20:15,13:15+1,LGW,OPO,17h 00m,1 stop,2024-07-07,Vueling,20:10,07:50+1,OPO,LGW,11h 40m,1 stop,£354
2024-05-29,2024-06-29,Vueling,20:15,13:15+1,LGW,OPO,17h 00m,1 stop,2024-07-07,Vueling,20:10,14:45+1,OPO,LGW,18h 35m,1 stop,£354
2024-05-29,2024-06-29,easyJet,10:00,12:25,LGW,OPO,2h 25m,direct,2024-07-08,easyJet,06:40,09:00,OPO,LGW,2h 20m,direct,£266
2024-05-29,2024-06-29,easyJet,10:00,12:25,LGW,OPO,2h 25m,direct,2024-07-08,easyJet,09:05,11:25,OPO,LGW,2h 20m,direct,£278
2024-05-29,2024-06-29,easyJet,05:20,07:40,LGW,OPO,2h 20m,direct,2024-07-08,easyJet,06:40,09:00,OPO,LGW,2h 20m,direct,£235
2024-05-29,2024-06-29,easyJet,05:20,07:40,LGW,OPO,2h 20m,direct,2024-07-08,easyJet,09:05,11:25,OPO,LGW,2h 20m,direct,£247
2024-05-29,2024-06-29,TAP AIR PORTUGAL,12:00,14:25,LGW,OPO,2h 25m,direct,2024-07-08,TAP AIR PORTUGAL,18:05,20:20,OPO,LGW,2h 15m,direct,£614
2024-05-29,2024-06-29,Vueling,15:00,21:15,LGW,OPO,6h 15m,1 stop,2024-07-08,Vueling,21:55,08:30+1,OPO,LGW,10h 35m,1 stop,£695
2024-05-29,2024-06-29,Vueling,15:00,21:15,LGW,OPO,6h 15m,1 stop,2024-07-08,Vueling,21:55,08:55+1,OPO,LGW,11h 00m,1 stop,£695
2024-05-29,2024-06-29,Vueling,21:05,08:00+1,LGW,OPO,10h 55m,1 stop,2024-07-08,Vueling,21:55,08:30+1,OPO,LGW,10h 35m,1 stop,£667
2024-05-29,2024-06-29,Vueling,21:05,08:00+1,LGW,OPO,10h 55m,1 stop,2024-07-08,Vueling,21:55,08:55+1,OPO,LGW,11h 00m,1 stop,£667
2024-05-29,2024-06-29,TAP AIR PORTUGAL,21:05,23:30,LGW,OPO,2h 25m,direct,2024-07-03,TAP AIR PORTUGAL,08:55,11:10,OPO,LGW,2h 15m,direct,£197
2024-05-29,2024-06-29,easyJet,10:00,12:25,LGW,OPO,2h 25m,direct,2024-07-03,easyJet,07:00,09:20,OPO,LGW,2h 20m,direct,£198
2024-05-29,2024-06-29,,21:05,07:15+1,LGW,OPO,10h 10m,1 stop,2024-07-03,easyJet,07:00,09:20,OPO,LGW,2h 20m,direct,£151
2024-05-29,2024-06-29,easyJet,05:20,07:40,LGW,OPO,2h 20m,direct,2024-07-03,easyJet,07:00,09:20,OPO,LGW,2h 20m,direct,£167
2024-05-29,2024-06-29,TAP AIR PORTUGAL,21:05,23:30,LGW,OPO,2h 25m,direct,2024-07-03,TAP AIR PORTUGAL,08:55,11:10,OPO,LGW,2h 15m,direct,£192
2024-05-29,2024-06-29,easyJet,10:00,12:25,LGW,OPO,2h 25m,direct,2024-07-03,easyJet,19:20,21:40,OPO,LGW,2h 20m,direct,£253
2024-05-29,2024-06-29,easyJet,05:20,07:40,LGW,OPO,2h 20m,direct,2024-07-03,easyJet,19:20,21:40,OPO,LGW,2h 20m,direct,£222
2024-05-29,2024-06-29,easyJet,10:00,12:25,LGW,OPO,2h 25m,direct,2024-07-03,TAP AIR PORTUGAL,08:55,11:10,OPO,LGW,2h 15m,direct,£277
2024-05-29,2024-06-29,TAP AIR PORTUGAL,21:05,23:30,LGW,OPO,2h 25m,direct,2024-07-03,TAP AIR PORTUGAL,18:05,20:20,OPO,LGW,2h 15m,direct,£264
2024-05-29,2024-06-29,easyJet,10:00,12:25,LGW,OPO,2h 25m,direct,2024-07-03,CitizenPlane,08:55,11:10,OPO,LGW,2h 15m,direct,£316
2024-05-29,2024-06-29,British Airways,07:10,09:35,LGW,OPO,2h 25m,direct,2024-07-03,British Airways,20:05,22:30,OPO,LGW,2h 25m,direct,£322
2024-05-29,2024-06-29,easyJet,05:20,07:40,LGW,OPO,2h 20m,direct,2024-07-03,TAP AIR PORTUGAL,08:55,11:10,OPO,LGW,2h 15m,direct,£247
2024-05-29,2024-06-29,easyJet,05:20,07:40,LGW,OPO,2h 20m,direct,2024-07-03,CitizenPlane,08:55,11:10,OPO,LGW,2h 15m,direct,£285
2024-05-29,2024-06-29,TAP AIR PORTUGAL,21:05,23:30,LGW,OPO,2h 25m,direct,2024-07-03,CitizenPlane,08:55,11:10,OPO,LGW,2h 15m,direct,£289
2024-05-29,2024-06-29,easyJet,10:00,12:25,LGW,OPO,2h 25m,direct,2024-07-03,TAP AIR PORTUGAL,18:05,20:20,OPO,LGW,2h 15m,direct,£315
2024-05-29,2024-06-29,easyJet,05:20,07:40,LGW,OPO,2h 20m,direct,2024-07-03,TAP AIR PORTUGAL,18:05,20:20,OPO,LGW,2h 15m,direct,£285
2024-05-29,2024-06-29,TAP AIR PORTUGAL,12:00,14:25,LGW,OPO,2h 25m,direct,2024-07-03,TAP AIR PORTUGAL,08:55,11:10,OPO,LGW,2h 15m,direct,£385
2024-05-29,2024-06-29,easyJet,05:20,07:40,LGW,OPO,2h 20m,direct,2024-07-04,easyJet,06:40,09:00,OPO,LGW,2h 20m,direct,£188
2024-05-29,2024-06-29,easyJet,10:00,12:25,LGW,OPO,2h 25m,direct,2024-07-04,easyJet,06:40,09:00,OPO,LGW,2h 20m,direct,£191
2024-05-29,2024-06-29,,21:40,12:30+1,LGW,OPO,14h 50m,2 stops,2024-07-04,easyJet,06:40,09:00,OPO,LGW,2h 20m,direct,£142
2024-05-29,2024-06-29,easyJet,05:20,07:40,LGW,OPO,2h 20m,direct,2024-07-04,easyJet,06:40,09:00,OPO,LGW,2h 20m,direct,£160
2024-05-29,2024-06-29,TAP AIR PORTUGAL,21:05,23:30,LGW,OPO,2h 25m,direct,2024-07-04,TAP AIR PORTUGAL,18:05,20:20,OPO,LGW,2h 15m,direct,£244
2024-05-29,2024-06-29,TAP AIR PORTUGAL,21:05,23:30,LGW,OPO,2h 25m,direct,2024-07-04,TAP AIR PORTUGAL,08:55,11:10,OPO,LGW,2h 15m,direct,£244
2024-05-29,2024-06-29,easyJet,10:00,12:25,LGW,OPO,2h 25m,direct,2024-07-04,TAP AIR PORTUGAL,18:05,20:20,OPO,LGW,2h 15m,direct,£295
2024-05-29,2024-06-29,easyJet,10:00,12:25,LGW,OPO,2h 25m,direct,2024-07-04,TAP AIR PORTUGAL,08:55,11:10,OPO,LGW,2h 15m,direct,£295
2024-05-29,2024-06-29,easyJet,10:00,12:25,LGW,OPO,2h 25m,direct,2024-07-04,CitizenPlane,08:55,11:10,OPO,LGW,2h 15m,direct,£336
2024-05-29,2024-06-29,British Airways,07:10,09:35,LGW,OPO,2h 25m,direct,2024-07-04,British Airways,10:15,12:35,OPO,LGW,2h 20m,direct,£338
2024-05-29,2024-06-29,easyJet,05:20,07:40,LGW,OPO,2h 20m,direct,2024-07-04,TAP AIR PORTUGAL,18:05,20:20,OPO,LGW,2h 15m,direct,£263
2024-05-29,2024-06-29,easyJet,05:20,07:40,LGW,OPO,2h 20m,direct,2024-07-04,TAP AIR PORTUGAL,08:55,11:10,OPO,LGW,2h 15m,direct,£263
2024-05-29,2024-06-29,CitizenPlane,21:05,23:30,LGW,OPO,2h 25m,direct,2024-07-04,TAP AIR PORTUGAL,18:05,20:20,OPO,LGW,2h 15m,direct,£307
2024-05-29,2024-06-29,easyJet,05:20,07:40,LGW,OPO,2h 20m,direct,2024-07-04,CitizenPlane,08:55,11:10,OPO,LGW,2h 15m,direct,£305
2024-05-29,2024-06-29,TAP AIR PORTUGAL,21:05,23:30,LGW,OPO,2h 25m,direct,2024-07-04,CitizenPlane,18:05,20:20,OPO,LGW,2h 15m,direct,£309
2024-05-29,2024-06-29,TAP AIR PORTUGAL,21:05,23:30,LGW,OPO,2h 25m,direct,2024-07-04,CitizenPlane,08:55,11:10,OPO,LGW,2h 15m,direct,£309
2024-05-29,2024-06-29,British Airways,07:10,09:35,LGW,OPO,2h 25m,direct,2024-07-04,TAP AIR PORTUGAL,08:55,11:10,OPO,LGW,2h 15m,direct,£391
2024-05-29,2024-06-29,easyJet,05:20,07:40,LGW,OPO,2h 20m,direct,2024-07-05,easyJet,06:40,09:00,OPO,LGW,2h 20m,direct,£189
2024-05-29,2024-06-29,easyJet,10:00,12:25,LGW,OPO,2h 25m,direct,2024-07-05,easyJet,06:40,09:00,OPO,LGW,2h 20m,direct,£193
2024-05-29,2024-06-29,,21:05,07:15+1,LGW,OPO,10h 10m,1 stop,2024-07-05,easyJet,06:40,09:00,OPO,LGW,2h 20m,direct,£146
2024-05-29,2024-06-29,easyJet,05:20,07:40,LGW,OPO,2h 20m,direct,2024-07-05,easyJet,06:40,09:00,OPO,LGW,2h 20m,direct,£162
2024-05-29,2024-06-29,easyJet,10:00,12:25,LGW,OPO,2h 25m,direct,2024-07-05,easyJet,19:45,22:00,OPO,LGW,2h 15m,direct,£234
2024-05-29,2024-06-29,TAP AIR PORTUGAL,21:05,23:30,LGW,OPO,2h 25m,direct,2024-07-05,TAP AIR PORTUGAL,08:55,11:10,OPO,LGW,2h 15m,direct,£190
2024-05-29,2024-06-29,easyJet,05:20,07:40,LGW,OPO,2h 20m,direct,2024-07-05,easyJet,19:45,22:00,OPO,LGW,2h 15m,direct,£203
2024-05-29,2024-06-29,easyJet,10:00,12:25,LGW,OPO,2h 25m,direct,2024-07-05,TAP AIR PORTUGAL,08:55,11:10,OPO,LGW,2h 15m,direct,£247
2024-05-29,2024-06-29,TAP AIR PORTUGAL,21:05,23:30,LGW,OPO,2h 25m,direct,2024-07-05,British Airways,11:10,13:30,OPO,LGW,2h 20m,direct,£229
2024-05-29,2024-06-29,easyJet,05:20,07:40,LGW,OPO,2h 20m,direct,2024-07-05,TAP AIR PORTUGAL,08:55,11:10,OPO,LGW,2h 15m,direct,£218
2024-05-29,2024-06-29,TAP AIR PORTUGAL,21:05,23:30,LGW,OPO,2h 25m,direct,2024-07-05,TAP AIR PORTUGAL,17:55,20:10,OPO,LGW,2h 15m,direct,£247
2024-05-29,2024-06-29,TAP AIR PORTUGAL,21:05,23:30,LGW,OPO,2h 25m,direct,2024-07-05,CitizenPlane,08:55,11:10,OPO,LGW,2h 15m,direct,£256
2024-05-29,2024-06-29,CitizenPlane,21:05,23:30,LGW,OPO,2h 25m,direct,2024-07-05,TAP AIR PORTUGAL,08:55,11:10,OPO,LGW,2h 15m,direct,£259
2024-05-29,2024-06-29,easyJet,10:00,12:25,LGW,OPO,2h 25m,direct,2024-07-05,TAP AIR PORTUGAL,17:55,20:10,OPO,LGW,2h 15m,direct,£294
2024-05-29,2024-06-29,British Airways,07:10,09:35,LGW,OPO,2h 25m,direct,2024-07-05,British Airways,11:10,13:30,OPO,LGW,2h 20m,direct,£326
2024-05-29,2024-06-29,easyJet,05:20,07:40,LGW,OPO,2h 20m,direct,2024-07-05,TAP AIR PORTUGAL,17:55,20:10,OPO,LGW,2h 15m,direct,£263
2024-05-29,2024-06-29,CitizenPlane,21:05,23:30,LGW,OPO,2h 25m,direct,2024-07-05,TAP AIR PORTUGAL,17:55,20:10,OPO,LGW,2h 15m,direct,£309
2024-05-29,2024-06-29,TAP AIR PORTUGAL,21:05,23:30,LGW,OPO,2h 25m,direct,2024-07-06,TAP AIR PORTUGAL,08:55,11:10,OPO,LGW,2h 15m,direct,£212
2024-05-29,2024-06-29,easyJet,10:00,12:25,LGW,OPO,2h 25m,direct,2024-07-06,easyJet,07:00,09:20,OPO,LGW,2h 20m,direct,£204
2024-05-29,2024-06-29,,21:05,07:15+1,LGW,OPO,10h 10m,1 stop,2024-07-06,easyJet,07:00,09:20,OPO,LGW,2h 20m,direct,£157
2024-05-29,2024-06-29,easyJet,10:00,12:25,LGW,OPO,2h 25m,direct,2024-07-06,easyJet,08:30,10:50,OPO,LGW,2h 20m,direct,£215
2024-05-29,2024-06-29,easyJet,05:20,07:40,LGW,OPO,2h 20m,direct,2024-07-06,easyJet,07:00,09:20,OPO,LGW,2h 20m,direct,£173
2024-05-29,2024-06-29,easyJet,05:20,07:40,LGW,OPO,2h 20m,direct,2024-07-06,easyJet,08:30,10:50,OPO,LGW,2h 20m,direct,£184
2024-05-29,2024-06-29,TAP AIR PORTUGAL,21:05,23:30,LGW,OPO,2h 25m,direct,2024-07-06,TAP AIR PORTUGAL,08:55,11:10,OPO,LGW,2h 15m,direct,£205
2024-05-29,2024-06-29,easyJet,10:00,12:25,LGW,OPO,2h 25m,direct,2024-07-06,TAP AIR PORTUGAL,08:55,11:10,OPO,LGW,2h 15m,direct,£276
2024-05-29,2024-06-29,TAP AIR PORTUGAL,21:05,23:30,LGW,OPO,2h 25m,direct,2024-07-06,TAP AIR PORTUGAL,18:05,20:20,OPO,LGW,2h 15m,direct,£261
2024-05-29,2024-06-29,easyJet,05:20,07:40,LGW,OPO,2h 20m,direct,2024-07-06,TAP AIR PORTUGAL,08:55,11:10,OPO,LGW,2h 15m,direct,£246
2024-05-29,2024-06-29,easyJet,10:00,12:25,LGW,OPO,2h 25m,direct,2024-07-06,TAP AIR PORTUGAL,18:05,20:20,OPO,LGW,2h 15m,direct,£315
2024-05-29,2024-06-29,TAP AIR PORTUGAL,21:05,23:30,LGW,OPO,2h 25m,direct,2024-07-06,CitizenPlane,08:55,11:10,OPO,LGW,2h 15m,direct,£296
2024-05-29,2024-06-29,easyJet,05:20,07:40,LGW,OPO,2h 20m,direct,2024-07-06,TAP AIR PORTUGAL,18:05,20:20,OPO,LGW,2h 15m,direct,£284
2024-05-29,2024-06-29,CitizenPlane,21:05,23:30,LGW,OPO,2h 25m,direct,2024-07-06,TAP AIR PORTUGAL,08:55,11:10,OPO,LGW,2h 15m,direct,£333
2024-05-29,2024-06-29,TAP AIR PORTUGAL,12:00,14:25,LGW,OPO,2h 25m,direct,2024-07-06,TAP AIR PORTUGAL,08:55,11:10,OPO,LGW,2h 15m,direct,£398
2024-05-29,2024-06-29,TAP AIR PORTUGAL,21:05,23:30,LGW,OPO,2h 25m,direct,2024-07-06,CitizenPlane,18:05,20:20,OPO,LGW,2h 15m,direct,£340
2024-05-29,2024-06-29,CitizenPlane,21:05,23:30,LGW,OPO,2h 25m,direct,2024-07-06,TAP AIR PORTUGAL,18:05,20:20,OPO,LGW,2h 15m,direct,£372
2024-05-29,2024-06-29,TAP AIR PORTUGAL,21:05,23:30,LGW,OPO,2h 25m,direct,2024-07-07,easyJet,06:40,09:00,OPO,LGW,2h 20m,direct,£206
2024-05-29,2024-06-29,easyJet,10:00,12:25,LGW,OPO,2h 25m,direct,2024-07-07,easyJet,06:40,09:00,OPO,LGW,2h 20m,direct,£205
2024-05-29,2024-06-29,,21:05,07:15+1,LGW,OPO,10h 10m,1 stop,2024-07-07,easyJet,06:40,09:00,OPO,LGW,2h 20m,direct,£158
2024-05-29,2024-06-29,easyJet,05:20,07:40,LGW,OPO,2h 20m,direct,2024-07-07,easyJet,06:40,09:00,OPO,LGW,2h 20m,direct,£174
2024-05-29,2024-06-29,TAP AIR PORTUGAL,21:05,23:30,LGW,OPO,2h 25m,direct,2024-07-07,TAP AIR PORTUGAL,08:55,11:10,OPO,LGW,2h 15m,direct,£261
2024-05-29,2024-06-29,easyJet,10:00,12:25,LGW,OPO,2h 25m,direct,2024-07-07,TAP AIR PORTUGAL,08:55,11:10,OPO,LGW,2h 15m,direct,£315
2024-05-29,2024-06-29,easyJet,10:00,12:25,LGW,OPO,2h 25m,direct,2024-07-07,easyJet,15:50,18:05,OPO,LGW,2h 15m,direct,£355
2024-05-29,2024-06-29,easyJet,05:20,07:40,LGW,OPO,2h 20m,direct,2024-07-07,TAP AIR PORTUGAL,08:55,11:10,OPO,LGW,2h 15m,direct,£284
2024-05-29,2024-06-29,easyJet,05:20,07:40,LGW,OPO,2h 20m,direct,2024-07-07,easyJet,15:50,18:05,OPO,LGW,2h 15m,direct,£323
2024-05-29,2024-06-29,CitizenPlane,21:05,23:30,LGW,OPO,2h 25m,direct,2024-07-07,TAP AIR PORTUGAL,08:55,11:10,OPO,LGW,2h 15m,direct,£372
2024-05-29,2024-06-29,TAP AIR PORTUGAL,21:05,23:30,LGW,OPO,2h 25m,direct,2024-07-07,TAP AIR PORTUGAL,18:05,20:20,OPO,LGW,2h 15m,direct,£374
2024-05-29,2024-06-29,TAP AIR PORTUGAL,21:05,23:30,LGW,OPO,2h 25m,direct,2024-07-07,easyJet,15:50,18:10,OPO,LGW,2h 20m,direct,£337
2024-05-29,2024-06-29,TAP AIR PORTUGAL,12:00,14:25,LGW,OPO,2h 25m,direct,2024-07-07,TAP AIR PORTUGAL,08:55,11:10,OPO,LGW,2h 15m,direct,£449
2024-05-29,2024-06-29,TAP AIR PORTUGAL,21:05,23:30,LGW,OPO,2h 25m,direct,2024-07-07,easyJet,06:40,09:00,OPO,LGW,2h 20m,direct,£183
2024-05-29,2024-06-29,TAP AIR PORTUGAL,12:00,14:25,LGW,OPO,2h 25m,direct,2024-07-07,easyJet,06:40,09:00,OPO,LGW,2h 20m,direct,£403
2024-05-29,2024-06-29,British Airways,07:10,09:35,LGW,OPO,2h 25m,direct,2024-07-07,easyJet,06:40,09:00,OPO,LGW,2h 20m,direct,£283
2024-05-29,2024-06-29,easyJet,10:00,12:25,LGW,OPO,2h 25m,direct,2024-07-07,TAP AIR PORTUGAL,18:05,20:20,OPO,LGW,2h 15m,direct,£450
2024-05-29,2024-06-29,TAP AIR PORTUGAL,21:05,23:30,LGW,OPO,2h 25m,direct,2024-07-08,TAP AIR PORTUGAL,08:55,11:10,OPO,LGW,2h 15m,direct,£248
2024-05-29,2024-06-29,easyJet,10:00,12:25,LGW,OPO,2h 25m,direct,2024-07-08,easyJet,06:40,09:00,OPO,LGW,2h 20m,direct,£266
2024-05-29,2024-06-29,Wizz Air Malta,21:10,08:40+1,LGW,OPO,11h 30m,1 stop,2024-07-08,Wizz Air Malta,20:25,10:00+1,OPO,LGW,13h 35m,1 stop,£159
2024-05-29,2024-06-29,easyJet,10:00,12:25,LGW,OPO,2h 25m,direct,2024-07-08,easyJet,09:05,11:25,OPO,LGW,2h 20m,direct,£278
2024-05-29,2024-06-29,TAP AIR PORTUGAL,21:05,23:30,LGW,OPO,2h 25m,direct,2024-07-08,TAP AIR PORTUGAL,08:55,11:10,OPO,LGW,2h 15m,direct,£244
2024-05-29,2024-06-29,easyJet,05:20,07:40,LGW,OPO,2h 20m,direct,2024-07-08,easyJet,06:40,09:00,OPO,LGW,2h 20m,direct,£235
2024-05-29,2024-06-29,easyJet,05:20,07:40,LGW,OPO,2h 20m,direct,2024-07-08,easyJet,09:05,11:25,OPO,LGW,2h 20m,direct,£247
2024-05-29,2024-06-29,TAP AIR PORTUGAL,21:05,23:30,LGW,OPO,2h 25m,direct,2024-07-08,TAP AIR PORTUGAL,18:05,20:20,OPO,LGW,2h 15m,direct,£261
2024-05-29,2024-06-29,easyJet,10:00,12:25,LGW,OPO,2h 25m,direct,2024-07-08,TAP AIR PORTUGAL,08:55,11:10,OPO,LGW,2h 15m,direct,£294
2024-05-29,2024-06-29,easyJet,10:00,12:25,LGW,OPO,2h 25m,direct,2024-07-08,TAP AIR PORTUGAL,18:05,20:20,OPO,LGW,2h 15m,direct,£316
2024-05-29,2024-06-29,easyJet,05:20,07:40,LGW,OPO,2h 20m,direct,2024-07-08,TAP AIR PORTUGAL,08:55,11:10,OPO,LGW,2h 15m,direct,£263
2024-05-29,2024-06-29,TAP AIR PORTUGAL,21:05,23:30,LGW,OPO,2h 25m,direct,2024-07-08,easyJet,06:40,09:00,OPO,LGW,2h 20m,direct,£249
2024-05-29,2024-06-29,TAP AIR PORTUGAL,21:05,23:30,LGW,OPO,2h 25m,direct,2024-07-08,easyJet,09:05,11:25,OPO,LGW,2h 20m,direct,£261
2024-05-29,2024-06-29,easyJet,05:20,07:40,LGW,OPO,2h 20m,direct,2024-07-08,TAP AIR PORTUGAL,18:05,20:20,OPO,LGW,2h 15m,direct,£284
2024-05-29,2024-06-29,CitizenPlane,21:05,23:30,LGW,OPO,2h 25m,direct,2024-07-08,TAP AIR PORTUGAL,08:55,11:10,OPO,LGW,2h 15m,direct,£351
2024-05-29,2024-06-29,British Airways,07:10,09:35,LGW,OPO,2h 25m,direct,2024-07-08,TAP AIR PORTUGAL,18:05,20:20,OPO,LGW,2h 15m,direct,£413
2024-05-29,2024-06-29,TAP AIR PORTUGAL,12:00,14:25,LGW,OPO,2h 25m,direct,2024-07-08,TAP AIR PORTUGAL,08:55,11:10,OPO,LGW,2h 15m,direct,£433
2024-05-29,2024-06-29,easyJet,05:20,07:40,LGW,OPO,2h 20m,direct,2024-07-09,easyJet,06:40,09:05,OPO,LGW,2h 25m,direct,£213
2024-05-29,2024-06-29,easyJet,10:00,12:25,LGW,OPO,2h 25m,direct,2024-07-09,easyJet,06:40,09:05,OPO,LGW,2h 25m,direct,£217
2024-05-29,2024-06-29,easyJet,05:20,07:40,LGW,OPO,2h 20m,direct,2024-07-09,Vueling,21:55,08:55+1,OPO,LGW,11h 00m,1 stop,£155
2024-05-29,2024-06-29,easyJet,05:20,07:40,LGW,OPO,2h 20m,direct,2024-07-09,easyJet,06:40,09:05,OPO,LGW,2h 25m,direct,£186
2024-05-29,2024-06-29,TAP AIR PORTUGAL,21:05,23:30,LGW,OPO,2h 25m,direct,2024-07-09,TAP AIR PORTUGAL,18:05,20:20,OPO,LGW,2h 15m,direct,£217
2024-05-29,2024-06-29,TAP AIR PORTUGAL,21:05,23:30,LGW,OPO,2h 25m,direct,2024-07-09,TAP AIR PORTUGAL,08:55,11:10,OPO,LGW,2h 15m,direct,£217
2024-05-29,2024-06-29,easyJet,10:00,12:25,LGW,OPO,2h 25m,direct,2024-07-09,TAP AIR PORTUGAL,08:55,11:10,OPO,LGW,2h 15m,direct,£276
2024-05-29,2024-06-29,easyJet,10:00,12:25,LGW,OPO,2h 25m,direct,2024-07-09,TAP AIR PORTUGAL,18:05,20:20,OPO,LGW,2h 15m,direct,£276
2024-05-29,2024-06-29,British Airways,07:10,09:35,LGW,OPO,2h 25m,direct,2024-07-09,British Airways,20:25,22:35,OPO,LGW,2h 10m,direct,£326
2024-05-29,2024-06-29,easyJet,05:20,07:40,LGW,OPO,2h 20m,direct,2024-07-09,TAP AIR PORTUGAL,08:55,11:10,OPO,LGW,2h 15m,direct,£246
2024-05-29,2024-06-29,easyJet,05:20,07:40,LGW,OPO,2h 20m,direct,2024-07-09,TAP AIR PORTUGAL,18:05,20:20,OPO,LGW,2h 15m,direct,£246
2024-05-29,2024-06-29,CitizenPlane,21:05,23:30,LGW,OPO,2h 25m,direct,2024-07-09,TAP AIR PORTUGAL,08:55,11:10,OPO,LGW,2h 15m,direct,£333
2024-05-29,2024-06-29,CitizenPlane,21:05,23:30,LGW,OPO,2h 25m,direct,2024-07-09,TAP AIR PORTUGAL,18:05,20:20,OPO,LGW,2h 15m,direct,£333
2024-05-29,2024-06-29,TAP AIR PORTUGAL,12:00,14:25,LGW,OPO,2h 25m,direct,2024-07-09,TAP AIR PORTUGAL,08:55,11:10,OPO,LGW,2h 15m,direct,£404
2024-05-29,2024-06-29,TAP AIR PORTUGAL,12:00,14:25,LGW,OPO,2h 25m,direct,2024-07-09,TAP AIR PORTUGAL,18:05,20:20,OPO,LGW,2h 15m,direct,£404
2024-05-29,2024-06-29,easyJet,10:00,12:25,LGW,OPO,2h 25m,direct,2024-07-09,British Airways,20:25,22:35,OPO,LGW,2h 10m,direct,£245
2024-05-29,2024-06-29,TAP AIR PORTUGAL,21:05,23:30,LGW,OPO,2h 25m,direct,2024-07-09,British Airways,20:25,22:35,OPO,LGW,2h 10m,direct,£223
2024-05-29,2024-06-29,easyJet,10:00,12:25,LGW,OPO,2h 25m,direct,2024-07-10,easyJet,07:00,09:20,OPO,LGW,2h 20m,direct,£196
2024-05-29,2024-06-29,easyJet,10:00,12:25,LGW,OPO,2h 25m,direct,2024-07-10,easyJet,19:20,21:40,OPO,LGW,2h 20m,direct,£230
2024-05-29,2024-06-29,easyJet,05:20,07:40,LGW,OPO,2h 20m,direct,2024-07-10,easyJet,07:00,09:20,OPO,LGW,2h 20m,direct,£165
2024-05-29,2024-06-29,easyJet,05:20,07:40,LGW,OPO,2h 20m,direct,2024-07-10,easyJet,19:20,21:40,OPO,LGW,2h 20m,direct,£199
2024-05-29,2024-06-30,easyJet,12:45,15:15,LGW,OPO,2h 30m,direct,2024-07-04,easyJet,06:40,09:00,OPO,LGW,2h 20m,direct,£189
2024-05-29,2024-06-30,easyJet,09:35,12:00,LGW,OPO,2h 25m,direct,2024-07-04,easyJet,06:40,09:00,OPO,LGW,2h 20m,direct,£222
2024-05-29,2024-06-30,Vueling,08:40,19:30,LGW,OPO,10h 50m,1 stop,2024-07-04,Vueling,20:40,08:25+1,OPO,LGW,11h 45m,1 stop,£175
2024-05-29,2024-06-30,Vueling,08:40,19:30,LGW,OPO,10h 50m,1 stop,2024-07-04,Vueling,20:40,14:45+1,OPO,LGW,18h 05m,1 stop,£211
2024-05-29,2024-06-30,Vueling,19:45,13:15+1,LGW,OPO,17h 30m,1 stop,2024-07-04,Vueling,20:40,08:25+1,OPO,LGW,11h 45m,1 stop,£330
2024-05-29,2024-06-30,Vueling,19:45,13:15+1,LGW,OPO,17h 30m,1 stop,2024-07-04,Vueling,20:40,14:45+1,OPO,LGW,18h 05m,1 stop,£367
2024-05-29,2024-06-30,easyJet,12:45,15:15,LGW,OPO,2h 30m,direct,2024-07-05,easyJet,06:40,09:00,OPO,LGW,2h 20m,direct,£191
2024-05-29,2024-06-30,easyJet,09:35,12:00,LGW,OPO,2h 25m,direct,2024-07-05,easyJet,06:40,09:00,OPO,LGW,2h 20m,direct,£224
2024-05-29,2024-06-30,easyJet,12:45,15:15,LGW,OPO,2h 30m,direct,2024-07-05,easyJet,19:45,22:00,OPO,LGW,2h 15m,direct,£232
2024-05-29,2024-06-30,easyJet,09:35,12:00,LGW,OPO,2h 25m,direct,2024-07-05,easyJet,19:45,22:00,OPO,LGW,2h 15m,direct,£265
2024-05-29,2024-06-30,easyJet,12:45,15:15,LGW,OPO,2h 30m,direct,2024-07-06,easyJet,07:00,09:20,OPO,LGW,2h 20m,direct,£202
2024-05-29,2024-06-30,easyJet,12:45,15:15,LGW,OPO,2h 30m,direct,2024-07-06,easyJet,08:30,10:50,OPO,LGW,2h 20m,direct,£213
2024-05-29,2024-06-30,easyJet,09:35,12:00,LGW,OPO,2h 25m,direct,2024-07-06,easyJet,07:00,09:20,OPO,LGW,2h 20m,direct,£235
2024-05-29,2024-06-30,easyJet,09:35,12:00,LGW,OPO,2h 25m,direct,2024-07-06,easyJet,08:30,10:50,OPO,LGW,2h 20m,direct,£246
2024-05-29,2024-06-30,Vueling,08:40,19:30,LGW,OPO,10h 50m,1 stop,2024-07-06,Vueling,13:50,19:30,OPO,LGW,5h 40m,1 stop,£194
2024-05-29,2024-06-30,Vueling,19:45,13:15+1,LGW,OPO,17h 30m,1 stop,2024-07-06,Vueling,13:50,19:30,OPO,LGW,5h 40m,1 stop,£349
2024-05-29,2024-06-30,easyJet,12:45,15:15,LGW,OPO,2h 30m,direct,2024-07-07,easyJet,06:40,09:00,OPO,LGW,2h 20m,direct,£203
2024-05-29,2024-06-30,easyJet,09:35,12:00,LGW,OPO,2h 25m,direct,2024-07-07,easyJet,06:40,09:00,OPO,LGW,2h 20m,direct,£236
2024-05-29,2024-06-30,easyJet,12:45,15:15,LGW,OPO,2h 30m,direct,2024-07-07,easyJet,15:50,18:10,OPO,LGW,2h 20m,direct,£355
2024-05-29,2024-06-30,easyJet,09:35,12:00,LGW,OPO,2h 25m,direct,2024-07-07,easyJet,15:50,18:10,OPO,LGW,2h 20m,direct,£388
2024-05-29,2024-06-30,Vueling,08:40,19:30,LGW,OPO,10h 50m,1 stop,2024-07-07,Vueling,20:10,07:50+1,OPO,LGW,11h 40m,1 stop,£306
2024-05-29,2024-06-30,Vueling,08:40,19:30,LGW,OPO,10h 50m,1 stop,2024-07-07,Vueling,20:10,14:45+1,OPO,LGW,18h 35m,1 stop,£306
2024-05-29,2024-06-30,Vueling,19:45,13:15+1,LGW,OPO,17h 30m,1 stop,2024-07-07,Vueling,20:10,07:50+1,OPO,LGW,11h 40m,1 stop,£461
2024-05-29,2024-06-30,Vueling,19:45,13:15+1,LGW,OPO,17h 30m,1 stop,2024-07-07,Vueling,20:10,14:45+1,OPO,LGW,18h 35m,1 stop,£461
2024-05-29,2024-06-30,easyJet,12:45,15:15,LGW,OPO,2h 30m,direct,2024-07-08,easyJet,06:40,09:00,OPO,LGW,2h 20m,direct,£264
2024-05-29,2024-06-30,easyJet,12:45,15:15,LGW,OPO,2h 30m,direct,2024-07-08,easyJet,09:05,11:25,OPO,LGW,2h 20m,direct,£276
2024-05-29,2024-06-30,easyJet,09:35,12:00,LGW,OPO,2h 25m,direct,2024-07-08,easyJet,06:40,09:00,OPO,LGW,2h 20m,direct,£297
2024-05-29,2024-06-30,easyJet,09:35,12:00,LGW,OPO,2h 25m,direct,2024-07-08,easyJet,09:05,11:25,OPO,LGW,2h 20m,direct,£309
2024-05-29,2024-06-30,British Airways,17:20,19:45,LGW,OPO,2h 25m,direct,2024-07-08,British Airways,11:50,14:10,OPO,LGW,2h 20m,direct,£676
2024-05-29,2024-06-30,Vueling,06:50,16:10,LGW,OPO,9h 20m,1 stop,2024-07-08,Vueling,21:55,08:30+1,OPO,LGW,10h 35m,1 stop,£634
2024-05-29,2024-06-30,Vueling,06:50,16:10,LGW,OPO,9h 20m,1 stop,2024-07-08,Vueling,21:55,08:55+1,OPO,LGW,11h 00m,1 stop,£634
2024-05-29,2024-06-30,Vueling,21:45,08:00+1,LGW,OPO,10h 15m,1 stop,2024-07-08,Vueling,21:55,08:30+1,OPO,LGW,10h 35m,1 stop,£650
2024-05-29,2024-06-30,Vueling,21:45,08:00+1,LGW,OPO,10h 15m,1 stop,2024-07-08,Vueling,21:55,08:55+1,OPO,LGW,11h 00m,1 stop,£650
2024-05-29,2024-06-30,easyJet,12:45,15:15,LGW,OPO,2h 30m,direct,2024-07-09,easyJet,06:40,09:05,OPO,LGW,2h 25m,direct,£215
2024-05-29,2024-06-30,easyJet,09:35,12:00,LGW,OPO,2h 25m,direct,2024-07-09,easyJet,06:40,09:05,OPO,LGW,2h 25m,direct,£248
2024-05-29,2024-06-30,British Airways,17:20,19:45,LGW,OPO,2h 25m,direct,2024-07-09,British Airways,20:25,22:35,OPO,LGW,2h 10m,direct,£474
2024-05-29,2024-06-30,Air Europa,10:00,15:15,LGW,OPO,5h 15m,1 stop,2024-07-09,Air Europa,11:35,16:25,OPO,LGW,4h 50m,1 stop,£380
2024-05-29,2024-06-30,Air Europa,10:00,19:20,LGW,OPO,9h 20m,1 stop,2024-07-09,Air Europa,11:35,16:25,OPO,LGW,4h 50m,1 stop,£329
2024-05-29,2024-06-30,Air Europa,10:00,15:15,LGW,OPO,5h 15m,1 stop,2024-07-09,Air Europa,07:35,16:25,OPO,LGW,8h 50m,1 stop,£380
2024-05-29,2024-06-30,Air Europa,10:00,19:20,LGW,OPO,9h 20m,1 stop,2024-07-09,Air Europa,07:35,16:25,OPO,LGW,8h 50m,1 stop,£329
2024-05-29,2024-06-30,Vueling,08:40,19:30,LGW,OPO,10h 50m,1 stop,2024-07-09,Vueling,20:20,07:50+1,OPO,LGW,11h 30m,1 stop,£274
2024-05-29,2024-06-30,easyJet,12:45,15:15,LGW,OPO,2h 30m,direct,2024-07-10,easyJet,07:00,09:20,OPO,LGW,2h 20m,direct,£227
2024-05-29,2024-06-30,easyJet,09:35,12:00,LGW,OPO,2h 25m,direct,2024-07-10,easyJet,07:00,09:20,OPO,LGW,2h 20m,direct,£260
2024-05-29,2024-06-30,easyJet,12:45,15:15,LGW,OPO,2h 30m,direct,2024-07-10,easyJet,19:20,21:40,OPO,LGW,2h 20m,direct,£261
2024-05-29,2024-06-30,easyJet,09:35,12:00,LGW,OPO,2h 25m,direct,2024-07-10,easyJet,19:20,21:40,OPO,LGW,2h 20m,direct,£294
2024-05-29,2024-06-30,Vueling,08:40,19:30,LGW,OPO,10h 50m,1 stop,2024-07-10,Vueling,13:50,07:15+1,OPO,LGW,17h 25m,1 stop,£164
2024-05-29,2024-06-30,Vueling,19:45,13:15+1,LGW,OPO,17h 30m,1 stop,2024-07-10,Vueling,13:50,07:15+1,OPO,LGW,17h 25m,1 stop,£319
2024-05-29,2024-06-30,easyJet,12:45,15:15,LGW,OPO,2h 30m,direct,2024-07-11,easyJet,06:40,09:00,OPO,LGW,2h 20m,direct,£187
2024-05-29,2024-06-30,easyJet,09:35,12:00,LGW,OPO,2h 25m,direct,2024-07-11,easyJet,06:40,09:00,OPO,LGW,2h 20m,direct,£220
2024-05-29,2024-06-30,Vueling,08:40,19:30,LGW,OPO,10h 50m,1 stop,2024-07-11,Vueling,20:40,08:25+1,OPO,LGW,11h 45m,1 stop,£207
2024-05-29,2024-06-30,Vueling,06:50,16:10,LGW,OPO,9h 20m,1 stop,2024-07-11,Vueling,21:55,08:30+1,OPO,LGW,10h 35m,1 stop,£616
2024-05-29,2024-06-30,Vueling,21:45,08:00+1,LGW,OPO,10h 15m,1 stop,2024-07-11,Vueling,21:55,08:30+1,OPO,LGW,10h 35m,1 stop,£632
2024-05-29,2024-06-30,Vueling,08:40,19:30,LGW,OPO,10h 50m,1 stop,2024-07-11,Vueling,20:40,14:45+1,OPO,LGW,18h 05m,1 stop,£222
2024-05-29,2024-06-30,Vueling,19:45,13:15+1,LGW,OPO,17h 30m,1 stop,2024-07-11,Vueling,20:40,08:25+1,OPO,LGW,11h 45m,1 stop,£362
2024-05-29,2024-06-30,Vueling,19:45,13:15+1,LGW,OPO,17h 30m,1 stop,2024-07-11,Vueling,20:40,14:45+1,OPO,LGW,18h 05m,1 stop,£377
2024-05-29,2024-07-01,easyJet,06:10,08:35,LGW,OPO,2h 25m,direct,2024-07-05,easyJet,06:40,09:00,OPO,LGW,2h 20m,direct,£146
2024-05-29,2024-07-01,easyJet,06:10,08:35,LGW,OPO,2h 25m,direct,2024-07-05,easyJet,19:45,22:00,OPO,LGW,2h 15m,direct,£185
2024-05-29,2024-07-01,easyJet,09:45,12:10,LGW,OPO,2h 25m,direct,2024-07-05,easyJet,06:40,09:00,OPO,LGW,2h 20m,direct,£210
2024-05-29,2024-07-01,easyJet,09:45,12:10,LGW,OPO,2h 25m,direct,2024-07-05,easyJet,19:45,22:00,OPO,LGW,2h 15m,direct,£249
2024-05-29,2024-07-01,Norwegian,11:30,18:30,LGW,OPO,7h 00m,1 stop,2024-07-05,Norwegian,19:10,08:40+1,OPO,LGW,13h 30m,1 stop,£842
2024-05-29,2024-07-01,Norwegian,20:45,09:40+1,LGW,OPO,12h 55m,1 stop,2024-07-05,Norwegian,19:10,08:40+1,OPO,LGW,13h 30m,1 stop,£498
2024-05-29,2024-07-01,Norwegian,09:20,18:30,LGW,OPO,9h 10m,1 stop,2024-07-05,Norwegian,19:10,08:40+1,OPO,LGW,13h 30m,1 stop,£842
2024-05-29,2024-07-01,easyJet,06:10,08:35,LGW,OPO,2h 25m,direct,2024-07-06,easyJet,07:00,09:20,OPO,LGW,2h 20m,direct,£157
2024-05-29,2024-07-01,easyJet,06:10,08:35,LGW,OPO,2h 25m,direct,2024-07-06,easyJet,08:30,10:50,OPO,LGW,2h 20m,direct,£168
2024-05-29,2024-07-01,easyJet,09:45,12:10,LGW,OPO,2h 25m,direct,2024-07-06,easyJet,07:00,09:20,OPO,LGW,2h 20m,direct,£221
2024-05-29,2024-07-01,easyJet,09:45,12:10,LGW,OPO,2h 25m,direct,2024-07-06,easyJet,08:30,10:50,OPO,LGW,2h 20m,direct,£232
2024-05-29,2024-07-01,TAP AIR PORTUGAL,12:00,14:25,LGW,OPO,2h 25m,direct,2024-07-06,TAP AIR PORTUGAL,18:05,20:20,OPO,LGW,2h 15m,direct,£614
2024-05-29,2024-07-01,British Airways,08:30,10:55,LGW,OPO,2h 25m,direct,2024-07-06,British Airways,10:35,12:45,OPO,LGW,2h 10m,direct,£609
2024-05-29,2024-07-01,Air Europa,10:00,15:15,LGW,OPO,5h 15m,1 stop,2024-07-06,Air Europa,11:35,16:25,OPO,LGW,4h 50m,1 stop,£371
2024-05-29,2024-07-01,Air Europa,10:00,19:20,LGW,OPO,9h 20m,1 stop,2024-07-06,Air Europa,11:35,16:25,OPO,LGW,4h 50m,1 stop,£320
2024-05-29,2024-07-01,Air Europa,10:00,15:15,LGW,OPO,5h 15m,1 stop,2024-07-06,Air Europa,07:35,16:25,OPO,LGW,8h 50m,1 stop,£371
2024-05-29,2024-07-01,British Airways,08:30,10:55,LGW,OPO,2h 25m,direct,2024-07-06,,12:20,20:00,OPO,LGW,7h 40m,1 stop,£642
2024-05-29,2024-07-01,Air Europa,10:00,19:20,LGW,OPO,9h 20m,1 stop,2024-07-06,Air Europa,07:35,16:25,OPO,LGW,8h 50m,1 stop,£320
2024-05-29,2024-07-01,TAP AIR PORTUGAL,10:35,19:00,LGW,OPO,8h 25m,1 stop,2024-07-06,TAP AIR PORTUGAL,10:00,15:35,OPO,LGW,5h 35m,1 stop,£621
2024-05-29,2024-07-01,TAP AIR PORTUGAL,10:35,17:05,LGW,OPO,6h 30m,1 stop,2024-07-06,TAP AIR PORTUGAL,10:00,15:35,OPO,LGW,5h 35m,1 stop,£721
2024-05-29,2024-07-01,British Airways,08:30,10:55,LGW,OPO,2h 25m,direct,2024-07-06,,08:15,20:00,OPO,LGW,11h 45m,1 stop,£642
2024-05-29,2024-07-01,TAP AIR PORTUGAL,10:35,19:00,LGW,OPO,8h 25m,1 stop,2024-07-06,TAP AIR PORTUGAL,09:00,15:35,OPO,LGW,6h 35m,1 stop,£621
2024-05-29,2024-07-01,easyJet,06:10,08:35,LGW,OPO,2h 25m,direct,2024-07-07,easyJet,06:40,09:00,OPO,LGW,2h 20m,direct,£158
2024-05-29,2024-07-01,easyJet,09:45,12:10,LGW,OPO,2h 25m,direct,2024-07-07,easyJet,06:40,09:00,OPO,LGW,2h 20m,direct,£222
2024-05-29,2024-07-01,easyJet,06:10,08:35,LGW,OPO,2h 25m,direct,2024-07-07,easyJet,15:50,18:10,OPO,LGW,2h 20m,direct,£310
2024-05-29,2024-07-01,easyJet,09:45,12:10,LGW,OPO,2h 25m,direct,2024-07-07,easyJet,15:50,18:10,OPO,LGW,2h 20m,direct,£374
2024-05-29,2024-07-01,Norwegian,11:30,18:30,LGW,OPO,7h 00m,1 stop,2024-07-07,Norwegian,10:05,19:55,OPO,LGW,9h 50m,1 stop,£847
2024-05-29,2024-07-01,Norwegian,20:45,09:40+1,LGW,OPO,12h 55m,1 stop,2024-07-07,Norwegian,10:05,19:55,OPO,LGW,9h 50m,1 stop,£503
2024-05-29,2024-07-01,Norwegian,09:20,18:30,LGW,OPO,9h 10m,1 stop,2024-07-07,Norwegian,10:05,19:55,OPO,LGW,9h 50m,1 stop,£847
2024-05-29,2024-07-01,easyJet,06:10,08:35,LGW,OPO,2h 25m,direct,2024-07-08,easyJet,06:40,09:00,OPO,LGW,2h 20m,direct,£219
2024-05-29,2024-07-01,easyJet,06:10,08:35,LGW,OPO,2h 25m,direct,2024-07-08,easyJet,09:05,11:25,OPO,LGW,2h 20m,direct,£231
2024-05-29,2024-07-01,easyJet,09:45,12:10,LGW,OPO,2h 25m,direct,2024-07-08,easyJet,06:40,09:00,OPO,LGW,2h 20m,direct,£283
2024-05-29,2024-07-01,easyJet,09:45,12:10,LGW,OPO,2h 25m,direct,2024-07-08,easyJet,09:05,11:25,OPO,LGW,2h 20m,direct,£295
2024-05-29,2024-07-01,Norwegian,11:30,18:30,LGW,OPO,7h 00m,1 stop,2024-07-08,Norwegian,19:10,08:40+1,OPO,LGW,13h 30m,1 stop,£756
2024-05-29,2024-07-01,Norwegian,09:20,18:30,LGW,OPO,9h 10m,1 stop,2024-07-08,Norwegian,19:10,08:40+1,OPO,LGW,13h 30m,1 stop,£756
2024-05-29,2024-07-01,Norwegian,20:45,09:40+1,LGW,OPO,12h 55m,1 stop,2024-07-08,Norwegian,19:10,08:40+1,OPO,LGW,13h 30m,1 stop,£412
2024-05-29,2024-07-01,easyJet,06:10,08:35,LGW,OPO,2h 25m,direct,2024-07-09,easyJet,06:40,09:05,OPO,LGW,2h 25m,direct,£170
2024-05-29,2024-07-01,easyJet,09:45,12:10,LGW,OPO,2h 25m,direct,2024-07-09,easyJet,06:40,09:05,OPO,LGW,2h 25m,direct,£234
2024-05-29,2024-07-01,TAP AIR PORTUGAL,12:00,14:25,LGW,OPO,2h 25m,direct,2024-07-09,TAP AIR PORTUGAL,10:00,15:35,OPO,LGW,5h 35m,1 stop,£631
2024-05-29,2024-07-01,TAP AIR PORTUGAL,12:00,14:25,LGW,OPO,2h 25m,direct,2024-07-09,TAP AIR PORTUGAL,08:55,15:35,OPO,LGW,6h 40m,1 stop,£631
2024-05-29,2024-07-01,TAP AIR PORTUGAL,12:00,14:25,LGW,OPO,2h 25m,direct,2024-07-09,TAP AIR PORTUGAL,07:00,15:35,OPO,LGW,8h 35m,1 stop,£631
2024-05-29,2024-07-01,Norwegian,11:30,18:30,LGW,OPO,7h 00m,1 stop,2024-07-09,Norwegian,10:20,18:20,OPO,LGW,8h 00m,1 stop,£745
2024-05-29,2024-07-01,Norwegian,11:30,18:30,LGW,OPO,7h 00m,1 stop,2024-07-09,Norwegian,10:20,19:55,OPO,LGW,9h 35m,1 stop,£745
2024-05-29,2024-07-01,Norwegian,09:20,18:30,LGW,OPO,9h 10m,1 stop,2024-07-09,Norwegian,10:20,18:20,OPO,LGW,8h 00m,1 stop,£745
2024-05-29,2024-07-01,Norwegian,20:45,09:40+1,LGW,OPO,12h 55m,1 stop,2024-07-09,Norwegian,10:20,18:20,OPO,LGW,8h 00m,1 stop,£402
2024-05-29,2024-07-01,Norwegian,09:20,18:30,LGW,OPO,9h 10m,1 stop,2024-07-09,Norwegian,10:20,19:55,OPO,LGW,9h 35m,1 stop,£745
2024-05-29,2024-07-01,Norwegian,20:45,09:40+1,LGW,OPO,12h 55m,1 stop,2024-07-09,Norwegian,10:20,19:55,OPO,LGW,9h 35m,1 stop,£402
2024-05-29,2024-07-01,easyJet,06:10,08:35,LGW,OPO,2h 25m,direct,2024-07-10,easyJet,07:00,09:20,OPO,LGW,2h 20m,direct,£149
2024-05-29,2024-07-01,easyJet,06:10,08:35,LGW,OPO,2h 25m,direct,2024-07-10,easyJet,19:20,21:40,OPO,LGW,2h 20m,direct,£183
2024-05-29,2024-07-01,easyJet,09:45,12:10,LGW,OPO,2h 25m,direct,2024-07-10,easyJet,07:00,09:20,OPO,LGW,2h 20m,direct,£213
2024-05-29,2024-07-01,easyJet,09:45,12:10,LGW,OPO,2h 25m,direct,2024-07-10,easyJet,19:20,21:40,OPO,LGW,2h 20m,direct,£247
2024-05-29,2024-07-01,Norwegian,11:30,18:30,LGW,OPO,7h 00m,1 stop,2024-07-10,Norwegian,20:20,08:40+1,OPO,LGW,12h 20m,1 stop,£638
2024-05-29,2024-07-01,Norwegian,09:20,18:30,LGW,OPO,9h 10m,1 stop,2024-07-10,Norwegian,20:20,08:40+1,OPO,LGW,12h 20m,1 stop,£626
2024-05-29,2024-07-01,Norwegian,20:45,09:40+1,LGW,OPO,12h 55m,1 stop,2024-07-10,Norwegian,20:20,08:40+1,OPO,LGW,12h 20m,1 stop,£465
2024-05-29,2024-07-01,easyJet,06:10,08:35,LGW,OPO,2h 25m,direct,2024-07-11,easyJet,06:40,09:00,OPO,LGW,2h 20m,direct,£142
2024-05-29,2024-07-01,easyJet,09:45,12:10,LGW,OPO,2h 25m,direct,2024-07-11,easyJet,06:40,09:00,OPO,LGW,2h 20m,direct,£206
2024-05-29,2024-07-01,Norwegian,11:30,18:30,LGW,OPO,7h 00m,1 stop,2024-07-11,Norwegian,10:05,18:20,OPO,LGW,8h 15m,1 stop,£745
2024-05-29,2024-07-01,Norwegian,11:30,18:30,LGW,OPO,7h 00m,1 stop,2024-07-11,Norwegian,10:05,19:55,OPO,LGW,9h 50m,1 stop,£733
2024-05-29,2024-07-01,Norwegian,20:45,09:40+1,LGW,OPO,12h 55m,1 stop,2024-07-11,Norwegian,10:05,18:20,OPO,LGW,8h 15m,1 stop,£402
2024-05-29,2024-07-01,Norwegian,09:20,18:30,LGW,OPO,9h 10m,1 stop,2024-07-11,Norwegian,10:05,18:20,OPO,LGW,8h 15m,1 stop,£745
2024-05-29,2024-07-01,Norwegian,20:45,09:40+1,LGW,OPO,12h 55m,1 stop,2024-07-11,Norwegian,10:05,19:55,OPO,LGW,9h 50m,1 stop,£390
2024-05-29,2024-07-01,Norwegian,09:20,18:30,LGW,OPO,9h 10m,1 stop,2024-07-11,Norwegian,10:05,19:55,OPO,LGW,9h 50m,1 stop,£733
2024-05-29,2024-07-01,easyJet,06:10,08:35,LGW,OPO,2h 25m,direct,2024-07-12,easyJet,06:40,09:00,OPO,LGW,2h 20m,direct,£148
2024-05-29,2024-07-01,easyJet,06:10,08:35,LGW,OPO,2h 25m,direct,2024-07-12,easyJet,19:45,22:00,OPO,LGW,2h 15m,direct,£188
2024-05-29,2024-07-01,easyJet,09:45,12:10,LGW,OPO,2h 25m,direct,2024-07-12,easyJet,06:40,09:00,OPO,LGW,2h 20m,direct,£212
2024-05-29,2024-07-01,easyJet,09:45,12:10,LGW,OPO,2h 25m,direct,2024-07-12,easyJet,19:45,22:00,OPO,LGW,2h 15m,direct,£252
2024-05-29,2024-07-01,Norwegian,11:30,18:30,LGW,OPO,7h 00m,1 stop,2024-07-12,Norwegian,19:10,08:40+1,OPO,LGW,13h 30m,1 stop,£878
2024-05-29,2024-07-01,Norwegian,20:45,09:40+1,LGW,OPO,12h 55m,1 stop,2024-07-12,Norwegian,19:10,08:40+1,OPO,LGW,13h 30m,1 stop,£534
2024-05-29,2024-07-01,Norwegian,09:20,18:30,LGW,OPO,9h 10m,1 stop,2024-07-12,Norwegian,19:10,08:40+1,OPO,LGW,13h 30m,1 stop,£878
2024-05-29,2024-07-02,easyJet,09:40,12:05,LGW,OPO,2h 25m,direct,2024-07-06,easyJet,07:00,09:20,OPO,LGW,2h 20m,direct,£159
2024-05-29,2024-07-02,easyJet,09:40,12:05,LGW,OPO,2h 25m,direct,2024-07-06,easyJet,08:30,10:50,OPO,LGW,2h 20m,direct,£170
2024-05-29,2024-07-02,Vueling,07:45,14:45,LGW,OPO,7h 00m,1 stop,2024-07-06,Vueling,13:50,19:30,OPO,LGW,5h 40m,1 stop,£226
2024-05-29,2024-07-02,Vueling,08:30,19:20,LGW,OPO,10h 50m,1 stop,2024-07-06,Vueling,13:50,19:30,OPO,LGW,5h 40m,1 stop,£188
2024-05-29,2024-07-02,easyJet,09:40,12:05,LGW,OPO,2h 25m,direct,2024-07-07,easyJet,06:40,09:00,OPO,LGW,2h 20m,direct,£160
2024-05-29,2024-07-02,easyJet,09:40,12:05,LGW,OPO,2h 25m,direct,2024-07-07,easyJet,15:50,18:10,OPO,LGW,2h 20m,direct,£312
2024-05-29,2024-07-02,Vueling,07:45,14:45,LGW,OPO,7h 00m,1 stop,2024-07-07,Vueling,20:10,07:50+1,OPO,LGW,11h 40m,1 stop,£338
2024-05-29,2024-07-02,Vueling,08:30,19:20,LGW,OPO,10h 50m,1 stop,2024-07-07,Vueling,20:10,07:50+1,OPO,LGW,11h 40m,1 stop,£300
2024-05-29,2024-07-02,Vueling,07:45,14:45,LGW,OPO,7h 00m,1 stop,2024-07-07,Vueling,20:10,14:45+1,OPO,LGW,18h 35m,1 stop,£338
2024-05-29,2024-07-02,Vueling,08:30,19:20,LGW,OPO,10h 50m,1 stop,2024-07-07,Vueling,20:10,14:45+1,OPO,LGW,18h 35m,1 stop,£300
2024-05-29,2024-07-02,easyJet,09:40,12:05,LGW,OPO,2h 25m,direct,2024-07-08,easyJet,06:40,09:00,OPO,LGW,2h 20m,direct,£221
2024-05-29,2024-07-02,easyJet,09:40,12:05,LGW,OPO,2h 25m,direct,2024-07-08,easyJet,09:05,11:25,OPO,LGW,2h 20m,direct,£233
2024-05-29,2024-07-02,Vueling,07:45,14:45,LGW,OPO,7h 00m,1 stop,2024-07-08,Vueling,13:55,07:00+1,OPO,LGW,17h 05m,1 stop,£213
2024-05-29,2024-07-02,Vueling,08:30,19:20,LGW,OPO,10h 50m,1 stop,2024-07-08,Vueling,13:55,07:00+1,OPO,LGW,17h 05m,1 stop,£175
2024-05-29,2024-07-02,British Airways,17:10,19:35,LGW,OPO,2h 25m,direct,2024-07-09,British Airways,20:25,22:35,OPO,LGW,2h 10m,direct,£274
2024-05-29,2024-07-02,Air Europa,10:00,15:15,LGW,OPO,5h 15m,1 stop,2024-07-09,Air Europa,11:35,16:25,OPO,LGW,4h 50m,1 stop,£329
2024-05-29,2024-07-02,Air Europa,10:00,19:20,LGW,OPO,9h 20m,1 stop,2024-07-09,Air Europa,11:35,16:25,OPO,LGW,4h 50m,1 stop,£251
2024-05-29,2024-07-02,Air Europa,10:00,15:15,LGW,OPO,5h 15m,1 stop,2024-07-09,Air Europa,07:35,16:25,OPO,LGW,8h 50m,1 stop,£329
2024-05-29,2024-07-02,Iberia,10:50,15:55,LGW,OPO,5h 05m,1 stop,2024-07-09,Iberia,12:25,20:00,OPO,LGW,7h 35m,1 stop,£676
2024-05-29,2024-07-02,Air Europa,10:00,19:20,LGW,OPO,9h 20m,1 stop,2024-07-09,Air Europa,07:35,16:25,OPO,LGW,8h 50m,1 stop,£251
2024-05-29,2024-07-02,easyJet,09:40,12:05,LGW,OPO,2h 25m,direct,2024-07-10,easyJet,07:00,09:20,OPO,LGW,2h 20m,direct,£151
2024-05-29,2024-07-02,easyJet,09:40,12:05,LGW,OPO,2h 25m,direct,2024-07-10,easyJet,19:20,21:40,OPO,LGW,2h 20m,direct,£185
2024-05-29,2024-07-02,British Airways,17:10,19:35,LGW,OPO,2h 25m,direct,2024-07-10,British Airways,20:05,22:30,OPO,LGW,2h 25m,direct,£274
2024-05-29,2024-07-02,Air Europa,10:00,15:15,LGW,OPO,5h 15m,1 stop,2024-07-10,Air Europa,11:35,16:25,OPO,LGW,4h 50m,1 stop,£316
2024-05-29,2024-07-02,Air Europa,10:00,19:20,LGW,OPO,9h 20m,1 stop,2024-07-10,Air Europa,11:35,16:25,OPO,LGW,4h 50m,1 stop,£236
2024-05-29,2024-07-02,Air Europa,10:00,15:15,LGW,OPO,5h 15m,1 stop,2024-07-10,Air Europa,07:35,16:25,OPO,LGW,8h 50m,1 stop,£316
2024-05-29,2024-07-02,Air Europa,10:00,19:20,LGW,OPO,9h 20m,1 stop,2024-07-10,Air Europa,07:35,16:25,OPO,LGW,8h 50m,1 stop,£236
2024-05-29,2024-07-02,Vueling,07:45,14:45,LGW,OPO,7h 00m,1 stop,2024-07-10,Vueling,13:50,07:15+1,OPO,LGW,17h 25m,1 stop,£196
2024-05-29,2024-07-02,Vueling,08:30,19:20,LGW,OPO,10h 50m,1 stop,2024-07-10,Vueling,13:50,07:15+1,OPO,LGW,17h 25m,1 stop,£158
2024-05-29,2024-07-02,easyJet,09:40,12:05,LGW,OPO,2h 25m,direct,2024-07-11,easyJet,06:40,09:00,OPO,LGW,2h 20m,direct,£144
2024-05-29,2024-07-02,Vueling,14:30,21:15,LGW,OPO,6h 45m,1 stop,2024-07-11,Vueling,08:35,13:50,OPO,LGW,5h 15m,1 stop,£610
2024-05-29,2024-07-02,British Airways,17:10,19:35,LGW,OPO,2h 25m,direct,2024-07-11,,08:15,19:45,OPO,LGW,11h 30m,2 stops,£601
2024-05-29,2024-07-02,Vueling,21:45,08:00+1,LGW,OPO,10h 15m,1 stop,2024-07-11,Vueling,08:35,13:50,OPO,LGW,5h 15m,1 stop,£604
2024-05-29,2024-07-02,Vueling,21:05,08:00+1,LGW,OPO,10h 55m,1 stop,2024-07-11,Vueling,08:35,13:50,OPO,LGW,5h 15m,1 stop,£604
2024-05-29,2024-07-02,Vueling,14:30,21:15,LGW,OPO,6h 45m,1 stop,2024-07-11,Vueling,21:55,08:55+1,OPO,LGW,11h 00m,1 stop,£608
2024-05-29,2024-07-02,Iberia,10:50,15:55,LGW,OPO,5h 05m,1 stop,2024-07-11,,08:15,19:45,OPO,LGW,11h 30m,2 stops,£783
2024-05-29,2024-07-02,Vueling,21:45,08:00+1,LGW,OPO,10h 15m,1 stop,2024-07-11,Vueling,21:55,08:55+1,OPO,LGW,11h 00m,1 stop,£603
2024-05-29,2024-07-02,Vueling,21:05,08:00+1,LGW,OPO,10h 55m,1 stop,2024-07-11,Vueling,21:55,08:55+1,OPO,LGW,11h 00m,1 stop,£603
2024-05-29,2024-07-02,,20:40,07:35+1,LGW,OPO,10h 55m,1 stop,2024-07-11,,08:15,19:45,OPO,LGW,11h 30m,2 stops,£715
2024-05-29,2024-07-02,Iberia,10:50,15:55,LGW,OPO,5h 05m,1 stop,2024-07-11,,20:35,21:50+1,OPO,LGW,25h 15m,2 stops,£729
2024-05-29,2024-07-02,,20:40,07:35+1,LGW,OPO,10h 55m,1 stop,2024-07-11,,20:35,21:50+1,OPO,LGW,25h 15m,2 stops,£661
2024-05-29,2024-07-02,easyJet,09:40,12:05,LGW,OPO,2h 25m,direct,2024-07-12,easyJet,06:40,09:00,OPO,LGW,2h 20m,direct,£150
2024-05-29,2024-07-02,easyJet,09:40,12:05,LGW,OPO,2h 25m,direct,2024-07-12,easyJet,19:45,22:00,OPO,LGW,2h 15m,direct,£190
2024-05-29,2024-07-02,Vueling,07:45,14:45,LGW,OPO,7h 00m,1 stop,2024-07-12,Vueling,15:35,07:50+1,OPO,LGW,16h 15m,1 stop,£230
2024-05-29,2024-07-02,Vueling,08:30,19:20,LGW,OPO,10h 50m,1 stop,2024-07-12,Vueling,15:35,07:50+1,OPO,LGW,16h 15m,1 stop,£192
2024-05-29,2024-07-02,easyJet,09:40,12:05,LGW,OPO,2h 25m,direct,2024-07-13,easyJet,07:00,09:20,OPO,LGW,2h 20m,direct,£175
2024-05-29,2024-07-02,easyJet,09:40,12:05,LGW,OPO,2h 25m,direct,2024-07-13,easyJet,08:30,10:50,OPO,LGW,2h 20m,direct,£190
2024-05-29,2024-07-02,Vueling,07:45,14:45,LGW,OPO,7h 00m,1 stop,2024-07-13,Vueling,13:50,19:30,OPO,LGW,5h 40m,1 stop,£218
2024-05-29,2024-07-02,Iberia,10:50,15:55,LGW,OPO,5h 05m,1 stop,2024-07-13,British Airways,12:20,20:00,OPO,LGW,7h 40m,1 stop,£619
2024-05-29,2024-07-02,Vueling,08:30,19:20,LGW,OPO,10h 50m,1 stop,2024-07-13,Vueling,13:50,19:30,OPO,LGW,5h 40m,1 stop,£180
2024-05-29,2024-07-02,TAP AIR PORTUGAL,12:00,14:25,LGW,OPO,2h 25m,direct,2024-07-13,TAP AIR PORTUGAL,22:55,09:45+1,OPO,LGW,10h 50m,1 stop,£622
2024-05-29,2024-07-02,Vueling,21:45,08:00+1,LGW,OPO,10h 15m,1 stop,2024-07-13,Vueling,08:10,13:35,OPO,LGW,5h 25m,1 stop,£628
2024-05-29,2024-07-02,Vueling,21:05,08:00+1,LGW,OPO,10h 55m,1 stop,2024-07-13,Vueling,08:10,13:35,OPO,LGW,5h 25m,1 stop,£628
2024-05-29,2024-07-02,Vueling,14:30,21:15,LGW,OPO,6h 45m,1 stop,2024-07-13,Vueling,21:55,08:55+1,OPO,LGW,11h 00m,1 stop,£601
2024-05-29,2024-07-02,Vueling,07:25,16:10,LGW,OPO,8h 45m,1 stop,2024-07-13,Vueling,21:55,08:30+1,OPO,LGW,10h 35m,1 stop,£629
2024-05-29,2024-07-03,easyJet,16:20,18:50,LGW,OPO,2h 30m,direct,2024-07-07,easyJet,06:40,09:00,OPO,LGW,2h 20m,direct,£152
2024-05-29,2024-07-03,easyJet,09:55,12:20,LGW,OPO,2h 25m,direct,2024-07-07,easyJet,06:40,09:00,OPO,LGW,2h 20m,direct,£166
2024-05-29,2024-07-03,easyJet,16:20,18:50,LGW,OPO,2h 30m,direct,2024-07-07,easyJet,15:50,18:10,OPO,LGW,2h 20m,direct,£304
2024-05-29,2024-07-03,easyJet,09:55,12:20,LGW,OPO,2h 25m,direct,2024-07-07,easyJet,15:50,18:10,OPO,LGW,2h 20m,direct,£318
2024-05-29,2024-07-03,Vueling,13:00,21:15,LGW,OPO,8h 15m,1 stop,2024-07-07,Vueling,21:55,08:30+1,OPO,LGW,10h 35m,1 stop,£611
2024-05-29,2024-07-03,Norwegian,09:20,19:40,LGW,OPO,10h 20m,1 stop,2024-07-07,Norwegian,10:05,19:55,OPO,LGW,9h 50m,1 stop,£580
2024-05-29,2024-07-03,Norwegian,20:45,09:25+1,LGW,OPO,12h 40m,1 stop,2024-07-07,Norwegian,10:05,19:55,OPO,LGW,9h 50m,1 stop,£478
2024-05-29,2024-07-03,easyJet,16:20,18:50,LGW,OPO,2h 30m,direct,2024-07-08,easyJet,06:40,09:00,OPO,LGW,2h 20m,direct,£213
2024-05-29,2024-07-03,easyJet,09:55,12:20,LGW,OPO,2h 25m,direct,2024-07-08,easyJet,06:40,09:00,OPO,LGW,2h 20m,direct,£227
2024-05-29,2024-07-03,easyJet,16:20,18:50,LGW,OPO,2h 30m,direct,2024-07-08,easyJet,09:05,11:25,OPO,LGW,2h 20m,direct,£225
2024-05-29,2024-07-03,easyJet,09:55,12:20,LGW,OPO,2h 25m,direct,2024-07-08,easyJet,09:05,11:25,OPO,LGW,2h 20m,direct,£239
2024-05-29,2024-07-03,British Airways,16:50,19:15,LGW,OPO,2h 25m,direct,2024-07-08,British Airways,11:50,14:10,OPO,LGW,2h 20m,direct,£558
2024-05-29,2024-07-03,Air Europa,10:00,15:15,LGW,OPO,5h 15m,1 stop,2024-07-08,Air Europa,11:35,16:25,OPO,LGW,4h 50m,1 stop,£342
2024-05-29,2024-07-03,Air Europa,10:00,19:20,LGW,OPO,9h 20m,1 stop,2024-07-08,Air Europa,11:35,16:25,OPO,LGW,4h 50m,1 stop,£316
2024-05-29,2024-07-03,Air Europa,10:00,15:15,LGW,OPO,5h 15m,1 stop,2024-07-08,Air Europa,07:35,16:25,OPO,LGW,8h 50m,1 stop,£342
2024-05-29,2024-07-03,Air Europa,10:00,19:20,LGW,OPO,9h 20m,1 stop,2024-07-08,Air Europa,07:35,16:25,OPO,LGW,8h 50m,1 stop,£316
2024-05-29,2024-07-03,Norwegian,09:20,19:40,LGW,OPO,10h 20m,1 stop,2024-07-08,Norwegian,19:10,08:40+1,OPO,LGW,13h 30m,1 stop,£487
2024-05-29,2024-07-03,Norwegian,20:45,09:25+1,LGW,OPO,12h 40m,1 stop,2024-07-08,Norwegian,19:10,08:40+1,OPO,LGW,13h 30m,1 stop,£389
